Week,Google_Search,Google_Display,Meta,Instagram,YouTube,TV,Radio,Influencer,Affiliate,Email,Discount,Price,Temperature,Competitor_Spend,Holiday,Sales,Revenue,Orders,Google_Search_zscore,Google_Display_zscore,Meta_zscore,Instagram_zscore,YouTube_zscore,TV_zscore,Radio_zscore,Influencer_zscore,Affiliate_zscore,Email_zscore
2021-01-04,141958.0,27400.0,80692.0,188513.0,31246.0,80774.0,66542.0,120734.0,41636.0,75099.0,20.0,1031.555971921338,28.0,136836.0,0.0,3636150.0,3636150.0,3524.0,0.62957860915995,-1.5512307731082118,-0.5036329214059099,1.5276408296895878,-1.547106723258009,-0.5723172633757855,-0.9322777400139465,0.14021615697299689,-1.2764316551847983,-0.7688702072413388
2021-01-11,166867.0,137858.0,64425.0,73682.0,196630.0,43752.0,147015.0,177702.0,101889.0,55262.0,0.0,989.1235199570624,28.964293442042585,186570.0,0.0,3425190.0,3425190.0,3462.0,1.125928702900114,0.5655783688321279,-0.796901428226583,-0.7665426775650426,1.635846303391516,-1.286793258106809,0.6371175761176131,1.2185255589465034,-0.13485564290687832,-1.157093134342134
2021-01-18,151932.0,193714.0,58756.0,79494.0,169453.0,75029.0,62520.0,197235.0,73551.0,98213.0,15.0,1001.092910434567,29.914525314300462,100098.0,0.0,3652662.0,3652662.0,3648.0,0.8283258826339712,1.6359987225613246,-0.899104610446193,-0.6504259970156795,1.112802270079623,-0.683188220907246,-1.0107153272976457,1.5882527311966879,-0.671758055001408,-0.31651426949834444
2021-01-25,123694.0,35151.0,38888.0,101317.0,147796.0,168757.0,84772.0,118511.0,162628.0,137407.0,15.0,948.6729028828076,30.836839096340285,245458.0,0.0,3729639.0,3729639.0,3931.0,0.26564034941165193,-1.4026911683789973,-1.2572935016684919,-0.21442903906166183,0.6959952409948942,1.1256391259175977,-0.5767538175420822,0.09813846773365013,1.0159283082615047,0.45053767408125756
2021-02-01,139879.0,86690.0,186807.0,85215.0,187527.0,150282.0,70106.0,31653.0,178670.0,169340.0,5.0,982.9429189954732,31.71778537635015,162169.0,0.0,3493631.0,3493631.0,3554.0,0.5881513401051585,-0.4150014911581245,1.4094541629535744,-0.5361273856215112,1.4606514755871902,0.7690958812885756,-0.8627721305959692,-1.5459388745745726,1.319866077152056,1.0754871488561575
2021-02-08,130268.0,24499.0,67295.0,98587.0,112263.0,71693.0,101121.0,179033.0,162635.0,106269.0,5.0,1003.5864900443304,32.544517973849246,190641.0,0.0,3269366.0,3269366.0,3257.0,0.39663739932324366,-1.606825327787537,-0.7451598277731908,-0.2689711137175051,0.012133017950720852,-0.7475686411552794,-0.2579134111519282,1.2437191731514385,1.0160609328957295,-0.15885313622597436
2021-02-15,74886.0,26295.0,134352.0,26949.0,155090.0,136739.0,45559.0,101941.0,66819.0,80545.0,5.0,1054.2431258722684,33.30498126592636,176060.0,0.0,3515214.0,3515214.0,3334.0,-0.7069340363633662,-1.5724069133773102,0.46377275118260186,-1.7002110932762238,0.8363743549139048,0.5077337615586245,-1.3414910403555333,-0.2155040471993123,-0.7993050603730071,-0.6622884629760301
2021-02-22,157337.0,140885.0,103042.0,75393.0,31302.0,75961.0,125595.0,53662.0,93770.0,59922.0,15.0,968.2175789036578,33.98808598536881,237954.0,0.0,3500264.0,3500264.0,3615.0,0.9360288115618923,0.6235875784199659,-0.10069746142914437,-0.7323589816909957,-1.546028956548458,-0.665201844507016,0.21938184274694214,-1.1293451442692275,-0.28868127223130086,-1.065893918720331
2021-03-01,188266.0,146071.0,105999.0,158013.0,87506.0,146678.0,53742.0,118818.0,178038.0,62913.0,0.0,977.9723371387876,34.58387092714925,180544.0,0.0,3547308.0,3547308.0,3627.0,1.5523366540802406,0.7229717082258885,-0.04738738737315799,0.9182879809704595,-0.4643360968412922,0.6995434128911199,-1.1819050690122932,0.10394946665244431,1.3078919673191907,-1.0073581131570664
2021-03-08,107498.0,79040.0,37955.0,45934.0,61157.0,94532.0,89669.0,172360.0,178059.0,117033.0,0.0,1037.7715856872912,35.08364820522568,50340.0,0.0,3306354.0,3306354.0,3186.0,-0.0570898331816154,-0.5616055391749598,-1.2741140289238977,-1.3209139184259728,-0.9714445795191107,-0.30680592591402167,-0.4812518620651366,1.1174103920924368,1.3082898412218649,0.051805309472113016
2021-03-15,132727.0,32183.0,57841.0,174458.0,74917.0,101994.0,172826.0,115081.0,98714.0,124792.0,5.0,965.6263886520276,35.48012994148332,225021.0,0.0,3153787.0,3153787.0,3266.0,0.44563675218795373,-1.4595697062239603,-0.9156006259217518,1.2468390497306585,-0.7066219023151643,-0.1627991225894337,1.1404871846157638,0.03321427785917451,-0.19501038771597323,0.20365396054712787
2021-03-22,146324.0,180371.0,90640.0,95745.0,116646.0,76133.0,155044.0,56877.0,44596.0,197404.0,20.0,1045.695405758965,35.767534539408416,132302.0,0.0,3750038.0,3750038.0,3586.0,0.7165778668286463,1.3802944333209803,-0.32428607774376833,-0.32575081194897276,0.09648750880718138,-0.6618824703215659,0.7937002186588418,-1.0684905464714318,-1.2203503812840357,1.6247177898884062
2021-03-29,195203.0,163946.0,185983.0,114456.0,103122.0,81268.0,90831.0,131562.0,184246.0,139863.0,0.0,999.6365370109496,35.94167099278443,243515.0,0.0,3653048.0,3653048.0,3654.0,1.6905670366839387,1.0655269184613045,1.3945987348094644,0.04807217665376859,-0.1637931515493717,-0.5627837119361786,-0.4585903811045054,0.3451721709557439,1.4255110715002492,0.498603183430431
2021-04-05,36023.0,136336.0,158429.0,73413.0,44519.0,189315.0,132217.0,166385.0,84106.0,176104.0,15.0,1012.1249184636736,36.0,50138.0,0.0,3819589.0,3819589.0,3773.0,-1.4813390182182777,0.5364108706515235,0.8978433135924714,-0.771916969902926,-1.2916567672603358,1.5223815358273913,0.3485249812334306,1.0043135890312147,-0.4717790529667633,1.2078630060376758
2021-04-12,61090.0,52711.0,183551.0,117239.0,100910.0,51653.0,61873.0,92715.0,79182.0,188918.0,10.0,1014.7008921003747,35.94167099278443,181430.0,0.0,3661796.0,3661796.0,3608.0,-0.981840531736095,-1.0661725954148629,1.350753587665684,0.1036731267516484,-0.20636493657663402,-1.1343143311344732,-1.023333208693109,-0.3901368681269835,-0.5650710099557344,1.458641278350505
2021-04-19,87221.0,25539.0,81476.0,62318.0,140430.0,177729.0,126532.0,161398.0,107163.0,64936.0,10.0,975.3511778637356,35.767534539408416,169619.0,0.0,3682724.0,3682724.0,3775.0,-0.46114021058614013,-1.5868948428283858,-0.48949863055034903,-0.9935815553632122,0.5542304270207468,1.2987869468004982,0.23765534331502425,0.9099179811874799,-0.03493245420666837,-0.9677666940148116
2021-04-26,84820.0,199426.0,64811.0,90390.0,91324.0,191024.0,146267.0,130091.0,59310.0,180866.0,10.0,1015.5954727788958,35.48012994148332,135376.0,0.0,3654464.0,3654464.0,3598.0,-0.5089838243430205,1.745463078413895,-0.7899424533920849,-0.4327371891585115,-0.39085550225083676,1.5553629921235212,0.6225299790792722,0.3173285898171568,-0.9415734001435563,1.3010584276666513
2021-05-03,20769.0,146063.0,187280.0,63088.0,25408.0,173252.0,160975.0,152632.0,76088.0,48141.0,20.0,969.105208627428,35.08364820522568,149931.0,0.0,3927109.0,3927109.0,4052.0,-1.7852984035774837,0.7228183968031258,1.4179816113906665,-0.9781978932807949,-1.6594639027286948,1.2123867245431703,0.9093673818064352,0.7439921944703799,-0.6236910982830856,-1.2964557125487561
2021-05-10,79735.0,153629.0,171222.0,123196.0,79379.0,141829.0,154092.0,99148.0,148803.0,160146.0,5.0,979.9158798360448,34.58387092714925,211726.0,0.0,3480551.0,3480551.0,3551.0,-0.6103102616415365,0.8678126748809528,1.128481046902662,0.222686730680168,-0.620746990564873,0.6059640790233998,0.7751341860645897,-0.268370887525671,0.7539946556675717,0.8955546191508236
2021-05-17,84925.0,58360.0,91180.0,190883.0,45053.0,148377.0,61755.0,103186.0,159978.0,157478.0,15.0,1022.3476386413312,33.98808598536881,206951.0,0.0,3530523.0,3530523.0,3453.0,-0.506891538027122,-0.9579155670165487,-0.31455072434835657,1.574990542852353,-1.2813794918514037,0.7323318823160025,-1.0256344606323127,-0.19193826982504927,0.965720411019268,0.843340132610272
2021-05-24,25311.0,153272.0,194358.0,75479.0,160518.0,21622.0,105956.0,177817.0,56914.0,117359.0,20.0,1011.735758225676,33.30498126592636,131532.0,0.0,3737444.0,3737444.0,3694.0,-1.6947920755126147,0.8609711526401671,1.5455868545994158,-0.7306408064454271,0.9408407424039499,-1.7138732041766471,-0.16362058804981824,1.2207023174991463,-0.9869689178010653,0.058185340436213394
2021-05-31,123355.0,198047.0,132856.0,39963.0,151994.0,68756.0,106988.0,182962.0,130350.0,143279.0,15.0,997.001401966438,32.544517973849246,105778.0,0.0,3798196.0,3798196.0,3809.0,0.2588852535917509,1.719036021915174,0.4368022165908685,-1.4402072253014455,0.7767892525430168,-0.8042488852405535,-0.14349438464932654,1.3180886023108598,0.40437717347474383,0.565456514023581
2021-06-07,105305.0,41357.0,88450.0,75123.0,118723.0,60809.0,65648.0,171094.0,65379.0,174363.0,15.0,949.6507340294796,31.71778537635015,87772.0,0.0,3513041.0,3513041.0,3699.0,-0.10078872737938246,-1.28375983217083,-0.36376834429182725,-0.7377532528108044,0.13646110623106195,-0.957615551820626,-0.9497126487736748,1.093447119678126,-0.8265878422706753,1.1737905093858392
2021-06-14,179765.0,139121.0,172424.0,145911.0,71356.0,36725.0,145991.0,143629.0,188722.0,61568.0,5.0,959.6336684260148,30.836839096340288,108478.0,0.0,3485440.0,3485440.0,3632.0,1.3829411686378248,0.5897824097007898,1.1501512224235602,0.6765047621114795,-0.775156317542145,-1.422405132532148,0.6171473897977454,0.5735803923013116,1.5103150518988346,-1.033680633545763
2021-06-21,150608.0,97505.0,131888.0,122468.0,30789.0,71226.0,160588.0,90316.0,197953.0,117539.0,10.0,1011.0683617561994,29.914525314300462,245425.0,0.0,3508630.0,3508630.0,3470.0,0.8019431485173075,-0.20774361151079454,0.41935069420798216,0.2081421774386098,-1.5559020694413086,-0.7565811280425191,0.9018200555312508,-0.4355459443686357,1.6852090516886788,0.061708056919459
2021-06-28,176730.0,22869.0,130448.0,93477.0,117720.0,101182.0,135005.0,48380.0,66413.0,66851.0,5.0,1029.2856225394046,28.964293442042585,76762.0,0.0,3582129.0,3582129.0,3480.0,1.3224641308401854,-1.6380625301754381,0.3933897518202174,-0.3710626893553656,0.11715753462964056,-0.17846965653469843,0.40289693383088304,-1.2293246110088718,-0.806997289158044,-0.9302889047625043
2021-07-05,104478.0,70108.0,34397.0,34388.0,86656.0,49402.0,22396.0,130198.0,157084.0,74823.0,20.0,955.6141798191696,28.0,194355.0,0.0,3424114.0,3424114.0,3583.0,-0.11726797293412636,-0.7327777426895185,-1.3382591907403332,-1.551588934534532,-0.4806950558255476,-1.1777556758521959,-1.793218995167151,0.3193539216878766,0.910889597955482,-0.7742717058489821
2021-07-12,142537.0,132296.0,192627.0,25569.0,64028.0,24263.0,104082.0,22356.0,27151.0,43312.0,20.0,966.4069901019132,27.03570655795741,244994.0,0.0,3502447.0,3502447.0,3624.0,0.6411160737019049,0.4589886021563582,1.5143796384374568,-1.7277818123330235,-0.9161897898205257,-1.6629053714802873,-0.20016758918598246,-1.7219156073043103,-1.550869916148496,-1.390962367535384
2021-07-19,169503.0,114179.0,198031.0,89836.0,84484.0,197900.0,170201.0,90326.0,77716.0,194180.0,20.0,1005.3674069671088,26.08547468569954,220492.0,0.0,4030475.0,4030475.0,4008.0,1.1784550526973387,0.1117957213823705,1.6118052861204295,-0.4438054343450819,-0.522497007488845,1.688060764793029,1.089294080036025,-0.43535666101623194,-0.5928463976376662,1.5616220235440514
2021-07-26,150523.0,110272.0,151800.0,124573.0,52154.0,67924.0,148322.0,112447.0,113747.0,185243.0,5.0,1004.5115145051636,25.163160903659715,105568.0,0.0,3209009.0,3209009.0,3194.0,0.8002493929282468,0.036922255290635114,0.7783328364476848,0.25019751339119223,-1.144714823913524,-0.8203053929283124,0.6626068666645537,-0.01664295716396508,0.08981048746989255,1.386719150150907
2021-08-02,22747.0,58467.0,139180.0,187658.0,22336.0,94182.0,152663.0,134994.0,187450.0,192851.0,15.0,935.0417116495584,24.282214623649857,135090.0,0.0,3374364.0,3374364.0,3608.0,-1.7458837146932233,-0.9558650267370976,0.5508140219104687,1.510558971143527,-1.7185871050812038,-0.31356046640767027,0.7472656350381337,0.4101342175007002,1.4862152612225612,1.5356126335094213
2021-08-09,143855.0,43328.0,86234.0,163087.0,123677.0,162736.0,31303.0,40049.0,193724.0,118723.0,15.0,1006.4625205375996,23.455482026150754,70219.0,0.0,3596679.0,3596679.0,3573.0,0.6673792486005173,-1.2459877303876687,-0.40371935007744303,1.0196603204590122,0.23180496835812228,1.0094417307397172,-1.619513478027442,-1.38701657189641,1.6050848262405961,0.08487970312036344
2021-08-16,85725.0,111412.0,59954.0,65002.0,87779.0,55737.0,181633.0,125361.0,164539.0,32411.0,0.0,976.0652875907912,22.69501873407364,107169.0,0.0,2834977.875,2834977.875,2902.0,-0.49095030895360914,0.05876913303432038,-0.8775065486541498,-0.9399585046759289,-0.45908198413223134,-1.0554984929171565,1.3122424882476733,0.22779756413019767,1.0521348334048686,-1.604301991890164
2021-08-23,149981.0,155059.0,198352.0,157326.0,39029.0,121332.0,91719.0,36082.0,182082.0,77009.0,20.0,1065.6418651891584,22.011914014631195,124965.0,0.0,3757823.0,3757823.0,3526.0,0.7894492102309418,0.895217091699786,1.6175924128610355,0.9045625577878352,-1.3973163964645268,0.21039888902821344,-0.4412724851552451,-1.4621052777949655,1.3845111131484755,-0.731490271224677
2021-08-30,104654.0,78871.0,99459.0,168216.0,79201.0,109563.0,119616.0,20661.0,141999.0,166494.0,15.0,1009.9679417094262,21.41612907285075,227912.0,0.0,3507379.0,3507379.0,3472.0,-0.11376090253795354,-0.5648442429808219,-0.16529333405092292,1.1221314929534518,-0.6241727490345171,-0.01672735974250168,0.102778577115605,-1.7539991355367406,0.6250835112010893,1.0197890871266186
2021-09-06,186845.0,173471.0,167851.0,175286.0,52265.0,180445.0,144165.0,188484.0,134793.0,193540.0,0.0,1016.858937995036,20.91635179477432,225767.0,0.0,3408291.0,3408291.0,3351.0,1.5240210459384134,1.2480633311881484,1.0677072019101932,1.2633814811647384,-1.1425785363285215,1.3512021810312114,0.581536491145325,1.4226108695081934,0.4885559234548411,1.5490968093814004
2021-09-13,139346.0,148391.0,175538.0,157162.0,122916.0,187469.0,106231.0,22920.0,128177.0,52371.0,15.0,1017.8943720876244,20.51987005851668,134754.0,0.0,3762009.0,3762009.0,3695.0,0.5775304962349306,0.7674320208270725,1.2062917603371013,0.9012860375520996,0.2171588886086889,1.4867561593951764,-0.1582575009033694,-1.7112400262287404,0.36320669773610975,-1.2136718751924842
2021-09-20,87435.0,197286.0,188011.0,162709.0,194944.0,148575.0,27314.0,99561.0,32289.0,77022.0,20.0,951.4429047738976,20.232465460591584,127988.0,0.0,3643683.0,3643683.0,3829.0,-0.45687593180897546,1.7044522728248719,1.4311603953388998,1.01210834089128,1.603397827100393,0.7361530223666952,-1.6973074948535676,-0.2605534850713974,-1.45352343462751,-0.7312358528119982
2021-09-27,76886.0,106416.0,186342.0,173487.0,66197.0,121371.0,39623.0,28946.0,196048.0,91229.0,10.0,1077.755075724344,20.05832900721557,239414.0,0.0,3493817.0,3493817.0,3241.0,-0.667080963679584,-0.03697385048098804,1.401070941974192,1.2274396524812725,-0.8744455756595256,0.21115153782607712,-1.4572557141785165,-1.5971778780702595,1.649116204803222,-0.453195669048274
2021-10-04,86803.0,90271.0,79163.0,44071.0,145733.0,58709.0,125228.0,196572.0,194668.0,119071.0,20.0,935.083550101953,20.0,200023.0,0.0,3672539.0,3672539.0,3927.0,-0.4694695027770506,-0.3463754655439693,-0.5311983942606961,-1.3581343891526527,0.6562910852484014,-0.9981427947825176,0.21222455917331767,1.5757032449323214,1.6229702054846231,0.09169028832130495
2021-10-11,51551.0,64064.0,71934.0,78243.0,174782.0,170322.0,184202.0,36309.0,174243.0,116774.0,5.0,1031.8281256679898,20.05832900721557,182379.0,0.0,3596946.0,3596946.0,3485.0,-1.1719197619013937,-0.848604522586741,-0.661525930733718,-0.6754194532041263,1.2153633199938547,1.1558415712677694,1.3623434732630446,-1.457808545695401,1.2359904691930441,0.046736511865665166
2021-10-18,136216.0,127450.0,183379.0,145827.0,180558.0,41172.0,117624.0,75230.0,106365.0,46715.0,15.0,1024.746557499226,20.232465460591584,130388.0,0.0,3922248.0,3922248.0,3827.0,0.5151604374848117,0.3661202078178505,1.3476526973249232,0.6748265444297612,1.326527257750395,-1.3365838708885613,0.06393032404023727,-0.7210988098048862,-0.050051662508292856,-1.3243634553549128
2021-10-25,31394.0,191890.0,74098.0,128215.0,91907.0,31555.0,177364.0,131822.0,134014.0,47605.0,15.0,980.9199048034816,20.51987005851668,140768.0,0.0,3531117.0,3531117.0,3599.0,-1.5735789549448915,1.601043718171428,-0.622512403423216,0.32296023716283373,-0.3796351809710474,-1.5221793449669,1.228987873599709,0.35009353811824057,0.47379669630325527,-1.3069455794099762
2021-11-01,89092.0,196597.0,25486.0,192312.0,148876.0,73276.0,131785.0,181099.0,195211.0,119853.0,5.0,1026.6580126685355,20.91635179477432,85428.0,0.0,3526322.0,3526322.0,3434.0,-0.42385766109046197,1.691248326539434,-1.4989105501968412,1.6035402222234885,0.7167807418219482,-0.7170188194368631,0.34010005887973643,1.2828251137580469,1.6332580878252023,0.1069945343762942
2021-11-08,23890.0,39830.0,159407.0,121570.0,84435.0,77492.0,106206.0,132340.0,199785.0,51174.0,5.0,987.2970720470504,21.416129072850747,142021.0,0.0,3477427.0,3477427.0,3522.0,-1.723107683654442,-1.313023149990661,0.9154751202974949,0.19020123126976463,-0.523440053359702,-0.6356555545190846,-0.1587450542803193,0.35989841577275317,1.7199188131029346,-1.2370979398060675
2021-11-15,61606.0,168501.0,106900.0,184506.0,60631.0,109599.0,89274.0,79321.0,180806.0,161028.0,10.0,972.9815422057688,22.01191401463119,168418.0,0.0,3625336.0,3625336.0,3726.0,-0.9715584389836792,1.1528186097968187,-0.03114376994859129,1.4475858505152421,-0.9815678882552499,-0.016032607006012112,-0.48895520542094495,-0.6436629903365247,1.3603355369669308,0.9128159299187271
2021-11-22,107313.0,157965.0,146020.0,89724.0,149038.0,175834.0,153541.0,152028.0,92588.0,96373.0,15.0,1018.7823667741172,22.695018734073635,220047.0,0.0,4016558.0,4016558.0,3942.0,-0.06077624240486525,0.9509074660183381,0.6741284982523513,-0.44604305792070625,0.7198985669460062,1.2622159346991724,0.764388509636614,0.7325594799851952,-0.3110758890389702,-0.3525242602159662
2021-11-29,161699.0,136381.0,122795.0,135359.0,40103.0,31046.0,73947.0,94131.0,83646.0,89252.0,15.0,959.737560356484,23.455482026150754,182212.0,0.0,3747568.0,3747568.0,3904.0,1.0229483630852212,0.5372732474045637,0.25541816008857593,0.4656886552365863,-1.3766463706420675,-1.5320023767133777,-0.7878644297613873,-0.36333434542661686,-0.4804943860729629,-0.4918868384225883
2021-12-06,28792.0,67333.0,162202.0,95697.0,84772.0,136021.0,173606.0,198980.0,23654.0,90017.0,10.0,991.0297936496972,24.282214623649853,205914.0,0.0,3699123.0,3699123.0,3732.0,-1.6254278025064919,-0.7859576424603313,0.9658645883348578,-0.3267097934813832,-0.5169542072682972,0.4938773042030825,1.1556988499766006,1.6212826761911368,-1.6171253941319306,-0.47691529336879446
2021-12-13,194073.0,154508.0,107508.0,48732.0,146108.0,179841.0,68874.0,45963.0,38743.0,83037.0,0.0,976.2329300508017,25.163160903659712,76421.0,0.0,3838132.0,3838132.0,3931.0,1.6680500506176017,0.8846577674570049,-0.020182483162646172,-1.2650132865992147,0.6635082730355729,1.3395457740078864,-0.8867987610120601,-1.2750743972848506,-1.3312435218722665,-0.6135184103302075
2021-12-20,174969.0,96213.0,138324.0,141465.0,34382.0,174222.0,69708.0,121757.0,68368.0,109818.0,10.0,986.5608196170822,26.085474685699538,51708.0,0.0,4330801.0,4330801.0,4389.0,1.2873735003421152,-0.23250340628697116,0.5353816839355197,0.5876790976719632,-1.486751787523156,1.2311064510541394,-0.8705339803570117,0.15957984392389735,-0.7699571234566959,-0.08939690956464844
2021-12-27,88148.0,156967.0,80566.0,162386.0,104291.0,24853.0,94553.0,190515.0,157513.0,26548.0,20.0,1017.3091439652072,27.03570655795741,184702.0,0.0,3739927.0,3739927.0,3676.0,-0.44266831139720714,0.9317818660286908,-0.5059045038648393,1.005655194329435,-0.14129477148749572,-1.6515191460767082,-0.38600343434420487,1.4610543183813887,0.919017593395829,-1.719044696008325
2022-01-03,144243.0,170810.0,47192.0,175026.0,121195.0,140900.0,88344.0,119259.0,139735.0,136981.0,15.0,976.2253451061516,28.0,200667.0,0.0,3765986.0,3765986.0,3857.0,0.675110744701171,1.197068119191704,-1.107585400565715,1.258186997864182,0.18403680812409648,0.5880355986845439,-0.507092191043481,0.11229686249344832,0.5821889152175331,0.4422005784042429
2022-01-10,140174.0,50746.0,21062.0,77108.0,154828.0,172864.0,69138.0,59063.0,175683.0,174249.0,5.0,992.3070434771054,28.964293442042575,126021.0,0.0,3535761.0,3535761.0,3563.0,0.5940296683260163,-1.1038297136309518,-1.578668334310363,-0.698095370689248,0.8313319463799342,1.204898833938783,-0.8816501973514692,-1.0271132056359789,1.2632732510907123,1.171559455613117
2022-01-17,174555.0,69377.0,104076.0,131195.0,40609.0,79129.0,67638.0,134225.0,139891.0,44022.0,20.0,979.8741899239368,29.914525314300462,209380.0,0.0,3830294.0,3830294.0,3908.0,1.2791239142965725,-0.7467865739444605,-0.08205606252015217,0.3824970072999814,-1.3669079785879108,-0.6040636036959339,-0.910903399968463,0.3955783277008542,0.5851445499231138,-1.377067208073693
2022-01-24,144358.0,199476.0,109780.0,123081.0,167550.0,134130.0,98249.0,136400.0,127971.0,126297.0,15.0,1057.759866622982,30.836839096340285,94789.0,0.0,4090846.0,4090846.0,3867.0,0.6774022963804885,1.7464212748061618,0.020778114826938223,0.22038917075876802,1.0761774477889898,0.4573834868502554,-0.31392354309593223,0.4367474568486631,0.3593037442146378,0.23310778447648697
2022-01-31,68555.0,74045.0,172617.0,56668.0,190738.0,183059.0,125865.0,100818.0,32149.0,156614.0,10.0,1013.7044959285556,31.717785376350143,236762.0,0.0,3855673.0,3855673.0,3803.0,-0.8330889379438784,-0.6573293587624229,1.1536307098408092,-1.10646167324069,1.5224498488794773,1.401648949175204,0.22464741921800102,-0.23676056767424994,-1.4561759273120056,0.8264310934906931
2022-02-07,37159.0,117888.0,41689.0,43061.0,95683.0,166922.0,22719.0,24703.0,120102.0,80428.0,20.0,1008.8027853186688,32.54451797384925,76086.0,0.0,3626221.0,3626221.0,3594.0,-1.4587024729338895,0.18287472976072897,-1.2067958630378466,-1.3783129588971221,-0.30696291141275517,1.0902260350437545,-1.7869198055369584,-1.6774908044951573,0.2102147089696715,-0.6645782286901396
2022-02-14,130510.0,190862.0,31174.0,99252.0,144714.0,163184.0,173962.0,92099.0,79189.0,173812.0,15.0,1027.336740184937,33.30498126592636,66859.0,0.0,3866842.0,3866842.0,3763.0,0.40145962111798134,1.5813432003464207,-1.3963648277651706,-0.25568522373723557,0.636679580301394,1.0180875425715874,1.162641610064367,-0.40179672263505256,-0.5649383853215096,1.1630070828176817
2022-02-21,126530.0,127455.0,108461.0,59749.0,150330.0,141789.0,187581.0,176921.0,172747.0,79353.0,0.0,976.2346169290046,33.988085985368805,57684.0,0.0,3564158.0,3564158.0,3650.0,0.32215200647725495,0.36621602745707715,-0.003001387262965745,-1.0449070461290955,0.7447641846020745,0.6051921315384113,1.4282411876915926,1.203742529123773,1.2076466902215777,-0.6856166743539676
2022-02-28,100077.0,156672.0,146174.0,150560.0,91315.0,175130.0,62534.0,182932.0,91031.0,133132.0,0.0,1034.3702889999936,34.58387092714925,141088.0,0.0,3626529.0,3626529.0,3506.0,-0.20496465937478886,0.9261285073143162,0.676904876813265,0.7693861192818149,-0.3910287147577289,1.2486296589633763,-1.010442297406554,1.3175207522536485,-0.340575396965824,0.3668731576041744
2022-03-07,55920.0,113179.0,123033.0,124680.0,97834.0,196492.0,112241.0,51585.0,62668.0,36052.0,5.0,1013.8471098333096,35.08364820522568,182279.0,0.0,3694117.0,3694117.0,3643.0,-1.0848607246236717,0.09263179353703255,0.2597089269554426,0.2523352430571905,-0.26556512226553947,1.6608882133214369,-0.04104966908461437,-1.1686592965634799,-0.8779514684682993,-1.533045265692957
2022-03-14,39457.0,191836.0,29348.0,167979.0,146205.0,58890.0,169859.0,173087.0,164745.0,120689.0,15.0,937.5643638898374,35.48012994148332,96099.0,0.0,3443352.0,3443352.0,3672.0,-1.412911292420224,1.60000886606778,-1.4292847449874333,1.1173965216371753,0.6653751189431879,-0.994649732412945,1.0826243498393502,1.1311712918121872,1.0560377869263406,0.12335559537625713
2022-03-21,98953.0,65714.0,174786.0,169849.0,34153.0,86017.0,146209.0,63585.0,108204.0,198148.0,0.0,942.8787666759694,35.767534539408416,248568.0,0.0,3568503.0,3568503.0,3784.0,-0.22736208622307438,-0.8169840416419334,1.1927343793123797,1.1547568438373317,-1.4911590835318553,-0.4711342467809296,0.6213988552447485,-0.941519273679017,-0.01520927645981237,1.639278351352488
2022-03-28,72995.0,122946.0,58102.0,71745.0,96325.0,198376.0,199917.0,46958.0,174741.0,151743.0,10.0,977.1081178886374,35.94167099278443,116093.0,0.0,3657867.0,3657867.0,3743.0,-0.7446151165858821,0.27980587680244834,-0.9108952051139695,-0.8052415781541885,-0.29460708592111756,1.697246939864391,1.6688195260137493,-1.2562407037206806,1.245425764599321,0.7311024713246411
2022-04-04,191829.0,129616.0,94460.0,128464.0,164071.0,183993.0,112124.0,46017.0,185140.0,20163.0,15.0,947.1597401653931,36.0,210761.0,0.0,4217832.0,4217832.0,4453.0,1.6233349030663982,0.4076292755308525,-0.25541746668733684,0.32793495386221283,1.0092211909581374,1.4196739229496833,-0.04333141888873988,-1.2740522671818706,1.442449131928385,-1.8440032779278983
2022-04-11,29692.0,125983.0,122634.0,111865.0,75318.0,152596.0,111659.0,144677.0,160507.0,61424.0,10.0,990.4688615720166,35.94167099278443,98651.0,0.0,3707513.0,3707513.0,3743.0,-1.60749391979879,0.3380067256687397,0.25251558250216616,-0.0036928473144694943,-0.6989043228414156,0.8137530432951552,-0.05239991170000795,0.5934172876332213,0.9757430440913976,-1.0364988067323593
2022-04-18,196830.0,144123.0,109930.0,132428.0,151886.0,120424.0,184134.0,196422.0,57384.0,161706.0,10.0,959.4504803433656,35.767534539408416,63893.0,0.0,4060524.0,4060524.0,4232.0,1.7229875113121953,0.6856403767831701,0.023482379658997053,0.4071308454137743,0.7747107024603114,0.19287568111897652,1.361017328077741,1.5728639946462655,-0.9780641209316875,0.9260848286722855
2022-04-25,57065.0,169661.0,26801.0,43624.0,135033.0,35048.0,95713.0,163273.0,101929.0,155870.0,0.0,996.0910778771632,35.48012994148332,116418.0,0.0,3149444.0,3149444.0,3161.0,-1.0620448405122065,1.175048766097411,-1.4752031618357921,-1.3670649046732248,0.4503606603877745,-1.4547690308402872,-0.3633809576537297,0.9454086097631773,-0.13409778785416532,0.8118705320266112
2022-05-02,119299.0,63484.0,123150.0,43321.0,96077.0,186183.0,95418.0,49426.0,147959.0,42420.0,15.0,1056.4683750372585,35.083648205225686,175074.0,0.0,3922288.0,3922288.0,3712.0,0.1780632221890408,-0.859719600737037,0.2618182535244485,-1.3731184755965657,-0.29938005277770036,1.4619380477527988,-0.3691340875017385,-1.2095255723474427,0.7380039140553273,-1.408419384774579
2022-05-09,183678.0,102989.0,199208.0,161560.0,110474.0,188976.0,148232.0,37778.0,96153.0,140575.0,20.0,998.0249238577526,34.58387092714925,153065.0,0.0,4362966.0,4362966.0,4371.0,1.4609137053436443,-0.1026486312069612,1.6330247508359845,0.9891527204592054,-0.022297779252611998,1.5158392808921146,0.6608516745075341,-1.4300028212272948,-0.2435320574659235,0.5125374841863802
2022-05-16,31534.0,56212.0,174697.0,42574.0,153515.0,74912.0,185904.0,196313.0,95388.0,49300.0,0.0,987.8814218039228,33.98808598536881,180351.0,0.0,3590253.0,3590253.0,3634.0,-1.5707892398570267,-0.9990796840283347,1.191129848845358,-1.3880426256947032,0.8060621662077844,-0.6854461673008371,1.3955361071657935,1.570800806105065,-0.25802603534905977,-1.27377333252608
2022-05-23,60397.0,63525.0,195333.0,156312.0,93319.0,54008.0,183038.0,62229.0,51401.0,109881.0,0.0,1015.5297059114138,33.304981265926365,241083.0,0.0,3261418.0,3261418.0,3211.0,-0.9956496214210255,-0.8589338796953782,1.5631645760077981,0.8843040729156649,-0.3524600632230844,-1.0888659229557804,1.3396429880322573,-0.9671860962649613,-1.0914202904412356,-0.08816395879551248
2022-05-30,111387.0,198274.0,21542.0,194293.0,145885.0,151132.0,164059.0,106652.0,139503.0,30749.0,15.0,972.143208283096,32.54451797384925,88635.0,0.0,3675974.0,3675974.0,3781.0,0.020404466651998868,1.7233862335360657,-1.5700146868477747,1.643118189217344,0.6592164520314683,0.7854997653445793,0.9695119663869743,-0.12633265988192027,0.5777933559117976,-1.6368284074187984
2022-06-06,21016.0,183707.0,41677.0,161550.0,129777.0,103559.0,188383.0,148267.0,147834.0,124131.0,15.0,1033.73657237584,31.717785376350147,237187.0,0.0,3367935.0,3367935.0,3258.0,-1.7803765491010368,1.4442252966130278,-1.2070122042244114,0.9889529326399532,0.3492045563627787,-0.1325966772392621,1.4438819000241452,0.6613700111461565,0.7356356170155991,0.19071776279476482
2022-06-13,75591.0,83208.0,197804.0,170334.0,37368.0,75337.0,51575.0,199436.0,54084.0,176193.0,10.0,1019.8085181249644,30.836839096340288,145071.0,0.0,3603579.0,3603579.0,3533.0,-0.6928858282423329,-0.48173028791559125,1.607712832007914,1.1644465530710622,-1.4292837269031717,-0.6772442252728352,-1.2241661957263104,1.6299139970607464,-1.0405871627805106,1.2096047936321694
2022-06-20,43247.0,53828.0,59081.0,138831.0,166400.0,130616.0,83852.0,146503.0,130641.0,148563.0,15.0,1001.5546224819426,29.91452531430047,128518.0,0.0,3427768.0,3427768.0,3422.0,-1.3373897196844569,-1.0447664880116203,-0.8932453699767322,0.5350549860809408,1.0540447385749971,0.38956790029402355,-0.5946957818138384,0.6279804277821405,0.409890568983231,0.6688678134539687
2022-06-27,44300.0,169783.0,113105.0,155504.0,111751.0,33350.0,152079.0,104878.0,125111.0,57487.0,10.0,1006.1726332653436,28.96429344204258,156233.0,0.0,3190869.0,3190869.0,3171.0,-1.3164070769164455,1.177386765294542,0.08072265193757559,0.8681612171200893,0.0022791508919693605,-1.4875382015780452,0.735876388152584,-0.15991152659834001,0.3051171079456578,-1.1135484444797925
2022-07-04,102798.0,23420.0,39065.0,115257.0,47306.0,44354.0,96242.0,77056.0,187523.0,184433.0,0.0,1081.669836422514,28.000000000000004,153651.0,0.0,2978224.0,2978224.0,2902.0,-0.1507445539885033,-1.6275032059326568,-1.2541024691666622,0.06407518097586766,-1.2380186276260774,-1.2751754484577333,-0.3530643281974699,-0.6865356696559671,1.4875983466937623,1.3708669259763018
2022-07-11,29268.0,116752.0,108092.0,84291.0,190987.0,65186.0,198589.0,178562.0,158299.0,41223.0,5.0,1037.6924884107148,27.035706557957425,122805.0,0.0,3138500.0,3138500.0,3024.0,-1.6159427712077519,0.16110450772842505,-0.009653878749830464,-0.554587780120412,1.5272420615701592,-0.8731451982757691,1.6429206906301708,1.2348039272532234,0.9339094451816395,-1.4318454493881623
2022-07-18,106807.0,151373.0,74693.0,147600.0,57219.0,48145.0,49257.0,39975.0,182982.0,92930.0,20.0,1087.9810652464537,26.08547468569953,240026.0,0.0,3384624.0,3384624.0,3110.0,-0.07085906979386211,0.8245788536618703,-0.6117854862560493,0.7102489247831716,-1.047234674201461,-1.2020141255679568,-1.2693721448371047,-1.3884172687041976,1.4015628518345182,-0.419905998281603
2022-07-25,32185.0,196308.0,46962.0,70428.0,80279.0,185092.0,193279.0,177795.0,56041.0,165128.0,0.0,1021.281207731698,25.163160903659715,209136.0,0.0,2876660.0,2876660.0,2902.0,-1.5578170646984557,1.6857099513921312,-1.111731939974872,-0.8315536339496997,-0.6034257398756614,1.44088318009974,1.5393643533660128,1.2202858941238581,-1.0035091043265267,0.9930555831482103
2022-08-01,190171.0,135294.0,48295.0,151374.0,73028.0,106123.0,164353.0,174351.0,108920.0,48380.0,15.0,941.1323422931724,24.282214623649857,172813.0,0.0,3509415.0,3509415.0,3728.0,1.590296705811543,0.5164420578366814,-1.0877000398339758,0.7856488477689417,-0.7429772829284096,-0.083114843451505,0.9752455940999051,1.1550967075560172,-0.0016436710162495468,-1.291778327884891
2022-08-08,159643.0,144019.0,33807.0,151127.0,124263.0,40581.0,81246.0,162633.0,85681.0,46035.0,20.0,989.5130518854464,23.45548202615075,129063.0,0.0,3697681.0,3697681.0,3736.0,0.9819794043662932,0.683647328287255,-1.3488959657464312,0.7807140886334131,0.24308302714020893,-1.3479893949792652,-0.6455183458270956,0.9332944752093393,-0.4419385102661887,-1.3376714954027296
2022-08-15,58044.0,85726.0,193420.0,131317.0,20126.0,108929.0,21435.0,108397.0,101571.0,50620.0,5.0,931.9918050180772,22.69501873407364,52454.0,0.0,3400186.0,3400186.0,3648.0,-1.042536761433495,-0.4334755176010303,1.5286761851829411,0.3849344186948579,-1.761120398440268,-0.02896272737956799,-1.811960546977105,-0.09330271488747129,-0.14088059057594673,-1.2479400783156123
2022-08-22,71214.0,161564.0,177504.0,159789.0,72329.0,43051.0,111357.0,53142.0,147556.0,170949.0,5.0,1021.1321213866768,22.011914014631195,70878.0,0.0,3464530.0,3464530.0,3392.0,-0.7801042778107901,1.0198784423337095,1.2417356580692858,0.9537702976696455,-0.7564301209636972,-1.3003216377812308,-0.05828955649356269,-1.1391878785942209,0.7303685243992437,1.1069763200869476
2022-08-29,134752.0,135668.0,191334.0,147449.0,47632.0,71474.0,177732.0,46916.0,46160.0,137360.0,10.0,1029.816167893816,21.416129072850755,232170.0,0.0,3692261.0,3692261.0,3585.0,0.4859879882802831,0.5236093668508378,1.4910688755851098,0.7072321287124638,-1.2317444857097628,-0.751795053635591,1.2361646593084115,-1.2570356938007763,-1.1907182487229573,0.4496178536661879
2022-09-05,68984.0,26102.0,188152.0,48699.0,129945.0,111748.0,156156.0,84324.0,37633.0,73352.0,20.0,964.5633601616288,20.91635179477432,243226.0,0.0,3808173.0,3808173.0,3948.0,-0.8245404538532071,-1.5761055514514604,1.4337024042810351,-1.265672586402747,0.35243785649143156,0.02544027162499025,0.8153865928655731,-0.5489645291289441,-1.3522739995850526,-0.8030601277759504
2022-09-12,60774.0,138015.0,152396.0,93686.0,75176.0,145995.0,164579.0,196037.0,37014.0,181983.0,10.0,973.774544814126,20.519870058516684,194063.0,0.0,3494525.0,3494525.0,3588.0,-0.9881373172201325,0.568587105503846,0.7890777820470652,-0.3668871239329952,-0.7016372312834912,0.6863624095849427,0.9796530766275322,1.5655765855787223,-1.3640018065257862,1.3229188405099033
2022-09-19,22568.0,46641.0,111267.0,87661.0,195399.0,89626.0,103807.0,145932.0,100532.0,183856.0,0.0,1005.9500358494088,20.232465460591584,118344.0,0.0,3065483.0,3065483.0,3047.0,-1.7494505646984218,-1.1824976374360643,0.04758639352874808,-0.4872592850324296,1.6121546816154944,-0.40148528494785024,-0.20553067633243133,0.6171723483598881,-0.16056587557016708,1.3595746625827867
2022-09-26,140151.0,185656.0,186981.0,64247.0,154869.0,26960.0,196611.0,155720.0,69104.0,23191.0,20.0,952.0758374694312,20.05832900721557,154946.0,0.0,3845573.0,3845573.0,4039.0,0.5935713579901529,1.4815757919835915,1.4125911101587625,-0.955042485029468,0.8321210255779983,-1.6108568123049438,1.604345467445895,0.8024428936926483,-0.7560125904867765,-1.7847433584208556
2022-10-03,153767.0,183817.0,39870.0,167820.0,198954.0,186844.0,135953.0,186205.0,192693.0,184232.0,0.0,949.0736092302986,20.0,86593.0,0.0,3927933.0,3927933.0,4138.0,0.8648910768213414,1.446333328676015,-1.2395895812346134,1.1142198953110658,1.6805736218378802,1.4746944799422324,0.4213849578848231,1.3794731934953857,1.5855511122569184,1.3669332259033442
2022-10-10,144375.0,174165.0,185650.0,125113.0,164790.0,172592.0,158563.0,116059.0,97231.0,110536.0,10.0,1049.5452819216448,20.05832900721557,86304.0,0.0,4174453.0,4174453.0,3977.0,0.6777410474983007,1.261363097112813,1.3885952668822938,0.2609860556308096,1.0230589456754076,1.1996495910408616,0.8623282319983091,0.051726189724258236,-0.22310786379530798,-0.07534518492592429
2022-10-17,199262.0,123746.0,46790.0,24621.0,54560.0,56408.0,143797.0,118317.0,88388.0,124576.0,20.0,1004.5884247265589,20.232465460591584,211458.0,0.0,4057414.0,4057414.0,4038.0,1.7714488476956745,0.2951370190787187,-1.1148328303156327,-1.7467216975981297,-1.0984093470710317,-1.0425490738564758,0.5743597054366225,0.09446637069701799,-0.39065066957383593,0.19942670076723312
2022-10-24,156330.0,56631.0,138874.0,166106.0,96589.0,114006.0,83888.0,55046.0,36014.0,23631.0,10.0,977.6756256917618,20.51987005851668,236292.0,0.0,3765235.0,3765235.0,3851.0,0.915962789465608,-0.991049998261138,0.5452973216530687,1.0799762630912433,-0.28952618571894884,0.06901670715258602,-0.5939937049510305,-1.1031483282965526,-1.3829481828436114,-1.776132273684033
2022-10-31,59504.0,92991.0,45289.0,156198.0,42116.0,77134.0,93609.0,198136.0,112578.0,157244.0,20.0,932.3152444577112,20.91635179477432,163613.0,0.0,3592279.0,3592279.0,3853.0,-1.0134440183743343,-0.29424958180465005,-1.1418935070684346,0.8820264917761901,-1.3379045066005308,-0.6425644845097309,-0.40441344985783295,1.605307161248263,0.06766217355435493,0.8387606011820526
2022-11-07,184231.0,24014.0,35485.0,156194.0,187316.0,171563.0,29077.0,121459.0,184827.0,62080.0,10.0,1034.094054275779,21.41612907285075,202155.0,0.0,4013258.0,4013258.0,3880.0,1.4719330799407102,-1.6161198327925261,-1.3186442564917997,0.8819465766484892,1.456590604592275,1.1797912419895347,-1.6629252307110607,0.15393920002226652,1.4365189161409058,-1.023660462215642
2022-11-14,33986.0,31093.0,64482.0,38030.0,152717.0,152413.0,40953.0,65893.0,60390.0,110353.0,5.0,972.6192715113212,22.01191401463119,68354.0,0.0,3594118.0,3594118.0,3695.0,-1.5219293727467098,-1.4804583875753787,-0.7958738075904006,-1.4788262107628907,0.7907039905966835,0.8102213835513332,-1.431317874524782,-0.8978326759442387,-0.9211113137203051,-0.07892661335055733
2022-11-21,81858.0,38070.0,106188.0,102838.0,198595.0,195695.0,134682.0,121520.0,43711.0,171353.0,10.0,1074.4273778348215,22.695018734073635,72190.0,0.0,3935842.0,3935842.0,3663.0,-0.5680062249877018,-1.3467516629984557,-0.04398001368476386,-0.18404131175340627,1.6736643673962948,1.6455071596830428,0.3965977442006904,0.1550938284719292,-1.2371179243253112,1.114882861527121
2022-11-28,149312.0,55777.0,24748.0,104717.0,144085.0,110327.0,87889.0,145818.0,111658.0,48671.0,5.0,1034.372403907738,23.455482026150747,56142.0,0.0,4010010.0,4010010.0,3876.0,0.7761183574182168,-1.0074159926410566,-1.5122155331705707,-0.14650118051592292,0.624573950653045,-0.0019831627792230378,-0.5159656625039691,0.6150145181424858,0.05023150734195577,-1.2860832695703106
2022-12-05,32666.0,76958.0,160507.0,58638.0,137718.0,151410.0,174893.0,81272.0,77993.0,142811.0,10.0,967.6743258237092,24.28221462364985,209470.0,0.0,3892722.0,3892722.0,4022.0,-1.548232400718006,-0.6015048369489535,0.935306395732593,-1.067103472848012,0.5020357249439225,0.7908648003652488,1.1807980978219812,-0.6067338082825592,-0.5875982513976286,0.5562974511671424
2022-12-12,58660.0,102074.0,23709.0,87067.0,39256.0,163326.0,188639.0,87649.0,178285.0,147734.0,20.0,971.3811321147411,25.163160903659712,233043.0,0.0,3792645.0,3792645.0,3904.0,-1.0302620150468902,-0.12018362518544543,-1.5309470742406315,-0.4991266814960087,-1.3929475921240255,1.0208279561432962,1.4488744466041121,-0.48602781445470755,1.3125717222696933,0.6526437469839097
2022-12-19,154633.0,30729.0,143961.0,138033.0,120158.0,31344.0,135374.0,84674.0,27421.0,179674.0,20.0,1068.8740465177732,26.08547468569953,91862.0,0.0,4261614.0,4261614.0,3987.0,0.8821474572934189,-1.4874340573110818,0.6370079563242904,0.5191119181046174,0.16407887816330488,-1.5262513679502139,0.4100932216746635,-0.5423396117948139,-1.545754394542683,1.2777302162887136
2022-12-26,46854.0,196089.0,50355.0,125977.0,188502.0,152822.0,44860.0,164832.0,37727.0,71399.0,20.0,996.6296221266198,27.03570655795741,234482.0,0.0,4086626.0,4086626.0,4100.0,-1.265514703099256,1.6815130511940022,-1.050561469473701,0.2782477232141974,1.4794161638338361,0.8181145465853397,-1.3551230327750523,0.974917884402917,-1.350493040211177,-0.8412816016191652
2023-01-02,84505.0,178823.0,164188.0,108869.0,190354.0,87957.0,172267.0,172999.0,132418.0,174544.0,15.0,979.4675508670653,28.0,200575.0,0.0,3862699.0,3862699.0,3943.0,-0.5152606832907162,1.3506286730163972,1.0016690547113167,-0.06354927796242059,1.5150594485854136,-0.43369479375899167,1.129585491107164,1.1295055983110345,0.44355827970000633,1.177332796516214
2023-01-09,124488.0,125864.0,176542.0,125186.0,139719.0,125423.0,97475.0,106475.0,24358.0,27099.0,0.0,1001.1088675390628,28.96429344204257,175438.0,0.0,3405387.0,3405387.0,3401.0,0.28146201926711345,0.3357262182551445,1.2243923062796818,0.26244450671135044,0.5405466389762696,0.2893498180554031,-0.329018195646301,-0.1296829752194661,-1.6037871452041816,-1.7082612694401675
2023-01-16,42662.0,150858.0,193416.0,54674.0,88244.0,78053.0,107266.0,81367.0,85108.0,176503.0,20.0,979.2834939978484,29.914525314300448,98456.0,0.0,4030899.0,4030899.0,4116.0,-1.349046743444463,0.8147094308215213,1.5286040714540863,-1.1462993643995734,-0.4501326712761387,-0.6248289910421222,-0.1380727910976437,-0.6049356164347238,-0.4527947838963025,1.2156716942422037
2023-01-23,28392.0,125510.0,62918.0,186926.0,162766.0,166968.0,172499.0,163660.0,114018.0,76492.0,5.0,1009.6419390843266,30.83683909634027,150167.0,0.0,3621244.0,3621244.0,3586.0,-1.6333984170432483,0.32894218779789486,-0.8240702755726673,1.495934502774268,0.9841053774587806,1.0911137746514912,1.1341099864452593,0.9527338755012013,0.09494495545202317,-0.7416082957904436
2023-01-30,50535.0,74748.0,72224.0,66271.0,76264.0,97454.0,120732.0,141750.0,144457.0,116722.0,20.0,996.9670551392696,31.717785376350157,132035.0,0.0,3902345.0,3902345.0,3914.0,-1.192165122824755,-0.6438571174871504,-0.6562976853917376,-0.9146054304128282,-0.6806977637836443,-0.25041516213561826,0.12454295986264835,0.5380140503846528,0.6716537041903036,0.04571883821494977
2023-02-06,133569.0,25801.0,59298.0,93688.0,77545.0,110600.0,47083.0,138154.0,183189.0,198756.0,15.0,1035.0203192204604,32.544517973849246,58016.0,0.0,3855809.0,3855809.0,3725.0,0.462414895787826,-1.581873893732907,-0.8893332001863538,-0.3668471663691448,-0.6560438503026664,0.003285378805822865,-1.3117697864966675,0.46994775686027546,1.4054847517323081,1.6511773048070064
2023-02-13,72256.0,170262.0,100219.0,189590.0,59224.0,142732.0,77372.0,64738.0,51910.0,50111.0,5.0,984.457035870435,33.30498126592636,52384.0,0.0,3636787.0,3636787.0,3694.0,-0.7593408269425396,1.186566286732459,-0.15159172556849154,1.5491579778230469,-1.0086467768327174,0.6233907934970131,-0.7210696171192514,-0.9196949031468682,-1.0817765848954626,-1.2579015377043457
2023-02-20,109135.0,49592.0,81629.0,131076.0,117945.0,179007.0,143786.0,53397.0,146888.0,83936.0,15.0,964.607345332414,33.988085985368805,243392.0,0.0,3830282.0,3830282.0,3970.0,-0.024470093189939767,-1.1259448863644719,-0.4867402804216491,0.3801195322508805,0.12148784730194347,1.323450668945878,0.5741451819507646,-1.134361153107926,0.7177123450189365,-0.5959243985611086
2023-02-27,147478.0,30647.0,86040.0,161339.0,33224.0,57641.0,195136.0,102189.0,75754.0,173686.0,5.0,986.0406121350566,34.58387092714924,196144.0,0.0,3632059.0,3632059.0,3683.0,0.7395730897671886,-1.4890054993943995,-0.40721686592690576,0.9847374096537324,-1.5090384634099416,-1.018753792631708,1.5755798182058511,-0.21080982005970006,-0.6300191879732392,1.1605411812794098
2023-03-06,55222.0,159788.0,48016.0,21062.0,60738.0,49711.0,27813.0,96367.0,129847.0,193063.0,10.0,985.796644071038,35.08364820522567,152239.0,0.0,3474656.0,3474656.0,3524.0,-1.0987694469903115,0.9858433064803892,-1.092729972421605,-1.8178261824699782,-0.9795085840066436,-1.1717923815306606,-1.6875759294496475,-0.32101058782914527,0.3948471461868778,1.5397616107007996
2023-03-13,97373.0,130627.0,43960.0,70448.0,176222.0,90342.0,51598.0,140585.0,180443.0,80920.0,0.0,996.8986473922404,35.48012994148332,161431.0,0.0,3424958.0,3424958.0,3435.0,-0.2588460136432622,0.42700400658248916,-1.165853293480476,-0.8311540583111954,1.2430773210965933,-0.3876674249665577,-1.2237176466195163,0.5159625398296195,1.35345800236356,-0.6549494703026016
2023-03-20,143684.0,90316.0,53591.0,115462.0,83731.0,126896.0,113106.0,96619.0,58467.0,83530.0,0.0,1025.381611522289,35.767534539408416,130018.0,0.0,3657291.0,3657291.0,3566.0,0.663971810886054,-0.34551308879092907,-0.9922214628300854,0.06817083127053722,-0.5369891205654853,0.31777678419010136,-0.024180322242147962,-0.31624064734857155,-0.9575451953794829,-0.6038700812955403
2023-03-27,30965.0,22368.0,123333.0,157301.0,159649.0,163254.0,47082.0,131453.0,168697.0,187296.0,15.0,1023.1963586988768,35.94167099278443,90510.0,0.0,4085901.0,4085901.0,3993.0,-1.5821274390355626,-1.6476636580259523,0.26511745661956027,0.9040630882397048,0.924116112571811,1.0194384506703171,-1.3117892886317457,0.3431089824145433,1.1309138661343856,1.4268976887070361
2023-04-03,44538.0,97575.0,134821.0,67915.0,28070.0,107833.0,49241.0,39816.0,53893.0,27788.0,0.0,1047.9863470343428,36.0,230005.0,0.0,3384998.0,3384998.0,3230.0,-1.3116645612670756,-0.20640213656162087,0.47222808589083914,-0.8817603129277709,-1.6082314923568266,-0.05011408846825044,-1.2696841789983526,-1.3914268740074167,-1.0442059206572152,-1.6947770935681885
2023-04-10,128066.0,26655.0,56395.0,24632.0,146161.0,76276.0,195641.0,193312.0,96329.0,48082.0,15.0,967.540412890659,35.94167099278443,71826.0,0.0,3985028.0,3985028.0,4118.0,0.3527591662983996,-1.5655078993529885,-0.9416697389027989,-1.7465019309969523,0.6645283022428264,-0.6591227580627322,1.5854283964202391,1.513996872048709,-0.24019749523398626,-1.2976103807293755
2023-04-17,133252.0,90031.0,149695.0,124592.0,28666.0,39541.0,31745.0,157348.0,51007.0,143287.0,15.0,1015.5488049220444,35.767534539408416,118026.0,0.0,3778741.0,3778741.0,3720.0,0.45609818376744654,-0.3509748082268504,0.7403829866377926,0.2505771102477714,-1.5967609752337488,-1.3680600295889638,-1.6108935343229678,0.8332582234639737,-1.0988851627104586,0.5656130792006141
2023-04-24,159182.0,107922.0,173772.0,154668.0,77761.0,114457.0,46029.0,99530.0,190604.0,109570.0,15.0,1029.0927938808286,35.48012994148333,171668.0,0.0,4291969.0,4291969.0,4170.0,0.9727932711126813,-0.008112975145909076,1.174453549047662,0.8514589554306076,-0.6518867501372556,0.07772041504583035,-1.3323250368688753,-0.26114026346384894,1.5459721321289817,-0.09425043005267572
2023-05-01,178338.0,144046.0,54620.0,129779.0,56368.0,64813.0,164097.0,174571.0,74253.0,121015.0,0.0,973.0311837475256,35.08364820522568,206590.0,0.0,3372052.0,3372052.0,3465.0,1.3545060012779462,0.6841647543390792,-0.9736702060821618,0.35420705209387365,-1.0636128790198156,-0.8803436085732861,0.9702530475199381,1.159260941308899,-0.6584576988262947,0.1297356263403575
2023-05-08,118806.0,164475.0,148148.0,157240.0,157855.0,188270.0,143395.0,128856.0,32323.0,103588.0,15.0,991.6947578807049,34.58387092714925,74045.0,0.0,4137416.0,4137416.0,4172.0,0.16823943977248854,1.0756646362914881,0.7124930020031592,0.9028443825422665,0.8895890861979826,1.5022144077820692,0.5665198471352682,0.29395209579529746,-1.452879257832704,-0.21132204117920475
2023-05-15,157982.0,52097.0,40559.0,128099.0,61914.0,159892.0,165360.0,91635.0,131335.0,167603.0,0.0,930.000885031248,33.98808598536881,231948.0,0.0,3527961.0,3527961.0,3793.0,0.9488814275024121,-1.0779392471119003,-1.2271679914393565,0.32064269845950855,-0.9568754831060738,0.9545562645570412,0.9948842441234469,-0.41057947018658514,0.42303935414780164,1.0414929347928374
2023-05-22,130989.0,162038.0,113396.0,27561.0,147738.0,44070.0,109186.0,127803.0,132356.0,108340.0,15.0,1036.2743078050294,33.304981265926365,140102.0,0.0,4056891.0,4056891.0,3914.0,0.4110044320257471,1.0289621441323997,0.08596892571176973,-1.6879840787379907,0.694878982617145,-1.280656275601151,-0.10062869174789167,0.27402055878718584,0.44238360436830115,-0.11832232602152071
2023-05-29,110982.0,144862.0,41732.0,102152.0,87526.0,162194.0,157612.0,55946.0,130944.0,114439.0,20.0,991.3800719072052,32.54451797384925,101919.0,0.0,4098306.0,4098306.0,4133.0,0.012334219433532993,0.6998025194608749,-1.2060206404526563,-0.19774675615410536,-0.46395118015930975,0.9989818423181243,0.8437817015391351,-1.086112826580218,0.41563132100753203,0.0010390508191179732
2023-06-05,141626.0,138834.0,111362.0,145036.0,196837.0,100559.0,117768.0,75204.0,165282.0,195929.0,15.0,1032.26256706724,31.71778537635016,149441.0,0.0,4040629.0,4040629.0,3914.0,0.6229629990944422,0.5842823624091777,0.049299094589052,0.6590233279269143,1.6398301910500346,-0.19049273861339291,0.06673863149146866,-0.7215909465211359,1.0662119910090126,1.5958510853729213
2023-06-12,139176.0,113848.0,181426.0,144049.0,39956.0,61786.0,61846.0,35563.0,36456.0,161214.0,5.0,1008.2419807151804,30.83683909634028,208175.0,0.0,3724687.0,3724687.0,3694.0,0.574142985056809,0.10545246126556364,1.3124431692115173,0.6393042701667249,-1.3794755082546388,-0.938760734499784,-1.023859766340215,-1.4719290837847185,-1.3745738845111326,0.9164560702847475
2023-06-19,151278.0,72921.0,33843.0,46734.0,66240.0,157809.0,95932.0,112324.0,51367.0,135053.0,15.0,992.5933908410052,29.91452531430046,217260.0,0.0,3581124.0,3581124.0,3607.0,0.8152939278663746,-0.6788696136605827,-1.3482469421867371,-1.304930892885799,-0.8736180047932633,0.9143570992762697,-0.3591099900716486,-0.018971142398530826,-1.0920644672360416,0.4044683707392567
2023-06-26,142409.0,146141.0,134065.0,157443.0,141008.0,56062.0,168554.0,29847.0,74624.0,68355.0,10.0,936.2878880259004,28.964293442042585,186917.0,0.0,3668820.0,3668820.0,3918.0,0.6385654770501429,0.7243131831750622,0.45859859113726265,0.9069000752730857,0.5653545191300404,-1.0492264196016257,1.0571740635625657,-1.5801234480186843,-0.6514285932123816,-0.9008546514802742
2023-07-03,43419.0,42677.0,91726.0,46069.0,188220.0,71571.0,43411.0,46155.0,161178.0,160938.0,15.0,943.4018955713424,28.000000000000004,217746.0,0.0,3559117.0,3559117.0,3772.0,-1.3339623554336517,-1.2584634474149838,-0.3047072003596624,-1.3182167828660685,1.473988838617883,-0.7499230809844941,-1.3833816265030683,-1.2714401569186993,0.9884560626006582,0.9110545716771042
2023-07-10,70015.0,75609.0,37640.0,32910.0,114270.0,45510.0,98797.0,99671.0,88008.0,145426.0,5.0,902.9458700086861,27.035706557957425,168325.0,0.0,3369177.0,3369177.0,3759.0,-0.8039961948847174,-0.6273569756123144,-1.2797929850712213,-1.5811175742200032,0.050759406987662736,-1.2528661661415683,-0.3032363730731905,-0.25847136819495653,-0.3978502925746095,0.6074746934098494
2023-07-17,142096.0,51024.0,72528.0,93479.0,24757.0,39426.0,72307.0,136891.0,145926.0,84027.0,5.0,977.4954606868538,26.085474685699552,69337.0,0.0,3403577.0,3403577.0,3481.0,0.6323284711751309,-1.0985021416899479,-0.6508170419987651,-0.3710227317915152,-1.6719929407272245,-1.3702793786083056,-0.8198479312893004,0.4460412694516857,0.6994859310011887,-0.5941434696723566
2023-07-24,127059.0,90313.0,58413.0,101264.0,39097.0,57265.0,154165.0,103310.0,135395.0,179210.0,0.0,1091.12994812725,25.16316090365972,203385.0,0.0,3146033.0,3146033.0,2902.0,0.3326931442021153,-0.3455705805744651,-0.9052883626955008,-0.21548791450369834,-1.3960076797457863,-1.0260100989905991,0.7765578419252834,-0.18959115625524317,0.49996164199817184,1.2686494360207918
2023-07-31,130687.0,147813.0,72638.0,43275.0,161467.0,168922.0,42042.0,169381.0,136492.0,112601.0,20.0,948.48210441928,24.28221462364985,208015.0,0.0,3972588.0,3972588.0,4188.0,0.404986618050496,0.7563552705324672,-0.6488339144552553,-1.3740374995651257,0.9591050389640186,1.128823409293175,-1.4100800494248447,1.061022881411369,0.520745816818826,-0.034931798604245515
2023-08-07,107939.0,115285.0,130133.0,92274.0,167313.0,86150.0,72930.0,151691.0,92240.0,49956.0,15.0,902.9458700086861,23.455482026150765,127949.0,0.0,3954117.0,3954117.0,4419.0,-0.04830223065484145,0.13299102557931428,0.38771079567289385,-0.3950971640114021,1.0716161851074975,-0.4685675213933431,-0.8076981011357091,0.72618063100919,-0.3176692279975734,-1.2609349880093628
2023-08-14,169213.0,166410.0,126357.0,120776.0,123892.0,107312.0,195485.0,54707.0,84315.0,124797.0,0.0,1038.5067567834212,22.69501873407364,50276.0,0.0,3476116.0,3476116.0,3347.0,1.1726763571581904,1.112746836672217,0.31963543563386626,0.17433807842114207,0.23594282268943395,-0.06016870446022449,1.5823860633480717,-1.1095650339430387,-0.46781926031633786,0.20375181378277357
2023-08-21,125878.0,133632.0,170159.0,68447.0,178768.0,109613.0,117883.0,171409.0,30756.0,144917.0,20.0,1094.5487147718682,22.011914014631188,101151.0,0.0,3865353.0,3865353.0,3531.0,0.309159904782342,0.4845916097577297,1.1093168234594717,-0.8711316009435552,1.2920772147129629,-0.01576242538626617,0.06898137702543819,1.099409545278843,-1.4825682295227363,0.597513234021116
2023-08-28,184899.0,170580.0,192502.0,185601.0,90480.0,94910.0,53756.0,101537.0,56378.0,146303.0,15.0,1011.916842610392,21.416129072850755,198683.0,0.0,4023912.0,4023912.0,3976.0,1.4852440062170933,1.1926604157872764,1.5121260844107411,1.469462616723355,-0.4070989862304974,-0.2995110221808812,-1.1816320391212014,-0.22315109463642255,-0.9971241755074196,0.6246381509421072
2023-09-04,82623.0,23051.0,175576.0,146394.0,66163.0,72375.0,73268.0,198686.0,155327.0,156511.0,10.0,1011.5492957887984,20.91635179477432,193016.0,0.0,3475430.0,3475430.0,3435.0,-0.5527624246861551,-1.6345746953075866,1.206976840761223,0.6861545137813595,-0.8750999340188959,-0.734406936536227,-0.8011063794793464,1.6157177456304674,0.8776008147650631,0.8244153168363915
2023-09-11,95450.0,199819.0,158186.0,95703.0,39816.0,141826.0,190286.0,111155.0,165556.0,198313.0,15.0,987.60471705425,20.51987005851668,102887.0,0.0,3773356.0,3773356.0,3820.0,-0.2971647430287187,1.752994502057113,0.8934624045645361,-0.3265899207898319,-1.3821699250285162,0.6059061829620256,1.4809944630775713,-0.04109836629452558,1.0714032981200967,1.6425075081287965
2023-09-18,113426.0,134692.0,98859.0,96090.0,72853.0,55435.0,179674.0,20281.0,145703.0,62533.0,5.0,928.2297107795976,20.232465460591587,131442.0,0.0,3239381.0,3239381.0,3489.0,0.06103467425311471,0.5049053732737879,-0.17611039337915824,-0.31885813218477277,-0.7463453038957563,-1.0613266964288188,1.2740378056298793,-1.761191902928082,0.6952608890823136,-1.0147949590661405
2023-09-25,137845.0,107235.0,119657.0,37260.0,175989.0,116443.0,68901.0,178492.0,76549.0,179342.0,5.0,941.971523290261,20.05832900721557,99847.0,0.0,3449056.0,3449056.0,3661.0,0.5476207651857521,-0.02127859357565625,0.19884493980190523,-1.494209872845308,1.2385930417514974,0.11604760767550494,-0.8862722033649543,1.2334789437863973,-0.6149568188005682,1.2712327614418386
2023-10-02,173371.0,183165.0,162047.0,132581.0,116731.0,154055.0,119986.0,190102.0,185575.0,98815.0,10.0,987.3298668240592,20.0,108653.0,0.0,4203322.0,4203322.0,4257.0,1.2555308952677733,1.4338384477208546,0.9630701813417303,0.4101875990483326,0.09812340470560692,0.8419098278101075,0.10999436709446345,1.453236915927115,1.450690805626639,-0.3047327399266008
2023-10-09,63585.0,190806.0,31023.0,23812.0,172638.0,171734.0,183268.0,152130.0,93794.0,59279.0,0.0,979.6617863988102,20.05832900721557,106622.0,0.0,3535648.0,3535648.0,3609.0,-0.9321238235630769,1.5802700203870819,-1.399087121029443,-1.7628845321756306,1.1741002516853327,1.1830913174878603,1.3441284791001964,0.7344901701797132,-0.28822655919967305,-1.0784778448243695
2023-10-16,129225.0,93523.0,41447.0,179096.0,82823.0,43510.0,148386.0,96260.0,65113.0,129787.0,20.0,995.3930828892024,20.232465460591584,77810.0,0.0,3940863.0,3940863.0,3959.0,0.3758540219186513,-0.28405437219093027,-1.2111587436335682,1.3395006402998164,-0.55446433792749,-1.2914635403909889,0.6638550033095454,-0.32303591969986506,-0.8316275783712168,0.30140934295719346
2023-10-23,84044.0,114476.0,145899.0,136148.0,171878.0,192070.0,25626.0,179476.0,94069.0,174960.0,15.0,1033.1729929571263,20.519870058516677,127842.0,0.0,4389748.0,4389748.0,4248.0,-0.524446816544328,0.11748740795243587,0.6719470579544905,0.48145191417558275,1.1594734177699986,1.5755494188559682,-1.7302270988652244,1.2521044256629232,-0.28301630571227115,1.185474185721937
2023-10-30,193629.0,37019.0,43959.0,178357.0,21759.0,114071.0,158496.0,180928.0,156321.0,168702.0,5.0,976.7264867233192,20.91635179477432,172225.0,0.0,3569738.0,3569738.0,3654.0,1.6592026684818022,-1.366892951163906,-1.1658713219126897,1.3247363204570808,-1.7296919513563984,0.0702711218156922,0.8610215889480834,1.2795883684319431,0.8964335128249814,1.0630010759877648
2023-11-06,129556.0,103613.0,86203.0,136421.0,193021.0,26640.0,32857.0,160272.0,170273.0,81063.0,0.0,1033.9886702561844,21.41612907285075,60503.0,0.0,3683431.0,3683431.0,3562.0,0.38244970544781726,-0.09069034023147032,-0.4042782314760685,0.4869061216411671,1.5663880881277774,-1.617032392184851,-1.5892071601162365,0.8886046757068212,1.1607733552112782,-0.6521508677631344
2023-11-13,22693.0,106672.0,139156.0,21605.0,112374.0,64547.0,171054.0,84178.0,145541.0,147896.0,10.0,976.9884116038892,22.01191401463118,134761.0,0.0,3622585.0,3622585.0,3707.0,-1.7469597476556855,-0.03206788495258152,0.5503813395373393,-1.8069777038845851,0.014269305535723618,-0.885477059348459,1.1059294012575553,-0.5517280660740385,0.692191576118826,0.6558141918188308
2023-11-20,115259.0,93847.0,180775.0,92303.0,153554.0,74620.0,153052.0,53997.0,29686.0,186216.0,5.0,1041.5295837146302,22.69501873407363,218048.0,0.0,3611842.0,3611842.0,3467.0,0.09756001536780098,-0.27784525956904077,1.300706659840382,-0.39451777933557075,0.8068127537376503,-0.6910813839412525,0.754851965583474,-1.1230041519637028,-1.5028408521828092,1.4057613898075625
2023-11-27,45939.0,102750.0,29337.0,178211.0,44442.0,166389.0,199362.0,176683.0,73363.0,117661.0,10.0,1003.454702682937,23.455482026150754,176439.0,0.0,3654638.0,3654638.0,3642.0,-1.2837474838520861,-0.10722880996199698,-1.4294830577417843,1.321819418295999,-1.2931386964859686,1.0799398348062839,1.6579958410454616,1.1992375853365644,-0.6753199737491591,0.06409567586921436
2023-12-04,199997.0,48251.0,66427.0,96125.0,184791.0,135608.0,46431.0,139273.0,117543.0,158051.0,15.0,982.5667863631396,24.28221462364984,61590.0,0.0,4361900.0,4361900.0,4439.0,1.7860948519069644,-1.1516437136050701,-0.7608085069347045,-0.3181588748173902,1.407994873491987,0.4859069464205772,-1.324485178567521,0.4911285639942516,0.1617309319723569,0.8545541134152705
2023-12-11,194013.0,123481.0,81529.0,164990.0,113501.0,27564.0,104976.0,192307.0,151733.0,177261.0,20.0,1002.7717624219556,25.16316090365971,191958.0,0.0,4320651.0,4320651.0,4308.0,1.6668544584370883,0.29005857819970415,-0.4885431236430216,1.0576799424627008,0.035959360565436374,-1.5992004052816187,-0.18273268042625418,1.4949738951321352,0.8095075382787995,1.2305062447660935
2023-12-18,172906.0,132566.0,122023.0,178518.0,22079.0,178417.0,102711.0,186129.0,195915.0,193672.0,5.0,988.2584463136972,26.08547468569954,193938.0,0.0,3999170.0,3999170.0,4046.0,1.246265055868794,0.46416286267459944,0.24150021041957984,1.3279529043470408,-1.7235332844446787,1.312064443542299,-0.22690501637791477,1.3780346400171175,1.6465963367529513,1.5516801348024472
2023-12-25,38047.0,45945.0,104665.0,144040.0,153789.0,133824.0,46385.0,152311.0,115673.0,143257.0,5.0,1004.5253695071988,27.0357065579574,116624.0,0.0,3676649.0,3676649.0,3660.0,-1.4410077086622903,-1.1958357312164194,-0.07143731594626784,0.6391244611293979,0.8113355247509444,0.4514780885900941,-1.3253822767811088,0.7379161988582205,0.12630120825802382,0.5650259597867399
2024-01-01,46105.0,110852.0,125787.0,164118.0,79676.0,99273.0,189230.0,146945.0,62828.0,106205.0,15.0,1030.3242479406988,27.999999999999996,249971.0,0.0,3560305.0,3560305.0,3455.0,-1.2804396788193324,0.048037333440931126,0.30935922927204274,1.0402584446239114,-0.6150309778374332,-0.21531085025577032,1.4604002084352077,0.6363467519583849,-0.8749200482574473,-0.16010565764223944
2024-01-08,95766.0,52217.0,182993.0,175890.0,179024.0,94859.0,174091.0,65272.0,68604.0,26910.0,0.0,996.511376063374,28.96429344204259,213864.0,0.0,3799199.0,3799199.0,3812.0,-0.29086795754468114,-1.0756395757704598,1.3406937224904252,1.2754486654475696,1.2970041482423387,-0.3004952552242414,1.1651573854894286,-0.9095871721285096,-0.7654857786456891,-1.7119601217475755
2024-01-15,166779.0,28308.0,53307.0,24324.0,193532.0,130017.0,38639.0,109393.0,30526.0,66857.0,20.0,985.2172458858488,29.914525314300448,190836.0,0.0,4055686.0,4055686.0,4116.0,1.1241751677020275,-1.533829926624645,-0.9973415375787834,-1.7526553958299191,1.57622270935243,0.3780079867063221,-1.4764458150952646,-0.07445009298806088,-1.486925896075836,-0.9301714808797293
2024-01-22,173048.0,25949.0,178427.0,96323.0,110397.0,143618.0,105530.0,81212.0,88910.0,54964.0,5.0,955.0593518035668,30.83683909634028,170356.0,0.0,4159862.0,4159862.0,4355.0,1.2490946240293426,-1.5790376324117972,1.2583759010025544,-0.3142030759961971,-0.023779708478244545,0.6404894302895064,-0.1719284975930445,-0.6078695083969815,-0.3807606611359312,-1.1629251871866184
2024-01-29,64262.0,152222.0,147016.0,29111.0,92847.0,145341.0,41563.0,166470.0,45592.0,176299.0,20.0,1023.1671207716686,31.717785376350157,92727.0,0.0,4214477.0,4214477.0,4119.0,-0.9186335584596166,0.8408490284025623,0.6920848167372219,-1.6570169667539039,-0.36154409691787087,0.6737410682053822,-1.4194215721272048,1.0059224975266463,-1.201479790471482,1.2116792822278586
2024-02-05,145117.0,120235.0,24835.0,189182.0,113607.0,49430.0,190413.0,140030.0,48982.0,157050.0,5.0,1013.930889056109,32.54451797384924,128471.0,0.0,3527727.0,3527727.0,3479.0,0.6925265374639838,0.22785246841373716,-1.5106470595679766,1.5410066347975584,0.03799941897994352,-1.177215312612704,1.4834712342324767,0.5054573137712132,-1.1372515747540546,0.8349638956389991
2024-02-12,43776.0,94740.0,40159.0,36389.0,169521.0,47788.0,135672.0,76503.0,20207.0,37153.0,20.0,952.7222859628992,33.30498126592636,58068.0,0.0,3775000.0,3775000.0,3962.0,-1.3268485819595965,-0.26073187200315395,-1.2343793643248466,-1.511611391902172,1.1141109867983632,-1.2089037568714782,0.41590485792790627,-0.6970030390438928,-1.6824335532994739,-1.5114979832037712
2024-02-19,181152.0,136352.0,198677.0,142177.0,184608.0,199615.0,156848.0,157710.0,108733.0,79765.0,10.0,1033.4197711168304,33.98808598536881,166923.0,0.0,4529075.0,4529075.0,4382.0,1.4105792745440275,0.5367174934970489,1.6234516533304963,0.601903990402718,1.4044728858518472,1.721158013211907,0.8288820703395463,0.8401102808209884,-0.005186643387682854,-0.677553567736761
2024-02-26,148376.0,86617.0,141790.0,61427.0,84077.0,164991.0,187516.0,26570.0,144982.0,128212.0,5.0,952.0726386959066,34.58387092714924,188367.0,0.0,3919471.0,3919471.0,4116.0,0.7574671194022067,-0.4164004578908342,0.5978682299882923,-1.0113826500585807,-0.5303300619671885,1.0529602702059389,1.426973548911523,-1.642151602601383,0.6816005517571617,0.27058557372879444
2024-03-04,157848.0,36896.0,125616.0,179818.0,58258.0,89346.0,159783.0,88785.0,88619.0,59071.0,20.0,1041.1688716493557,35.08364820522568,222232.0,0.0,3996060.0,3996060.0,3838.0,0.9462112716325987,-1.3692501142888827,0.30627636736349567,1.3539253208498232,-1.0272382525724713,-0.4068889173427691,0.8861208367934641,-0.46452522562164505,-0.38627405664441833,-1.082548539427231
2024-03-11,112787.0,150798.0,189160.0,142883.0,199374.0,116122.0,102970.0,29110.0,180400.0,132990.0,0.0,1027.514533087481,35.48012994148332,61390.0,0.0,4035687.0,4035687.0,3927.0,0.04830161753064633,0.813559595150801,1.4518750639524705,0.6160090104419215,1.6886568721595123,0.10985272910847295,-0.22185396339271385,-1.5940736310908383,1.3526433081818936,0.36409412571183614
2024-03-18,147948.0,197247.0,98752.0,151189.0,179937.0,59974.0,105553.0,99141.0,66479.0,89519.0,10.0,1016.7866209039228,35.767534539408416,156752.0,0.0,4057960.0,4057960.0,3990.0,0.7489385618478773,1.7037048796389036,-0.17803943562602687,0.7819527731127766,1.314575594774839,-0.973729955569759,-0.1714799484862506,-0.2685033858723536,-0.8057468283210676,-0.48666147563910733
2024-03-25,75016.0,158877.0,75284.0,145808.0,157717.0,127309.0,181779.0,32115.0,171175.0,29503.0,10.0,984.9201936333186,35.94167099278443,201203.0,0.0,4009567.0,4009567.0,4070.0,-0.7043435866389203,0.9683849682132863,-0.6011306828177375,0.6744469475731821,0.8869331610923035,0.3257471419726067,1.3150897999690607,-1.537193983693521,1.1778629866499564,-1.6612134337417095
2024-04-01,160546.0,25237.0,77043.0,132221.0,139771.0,36371.0,190182.0,59062.0,190963.0,115457.0,0.0,1023.031191306658,36.0,144754.0,0.0,3719248.0,3719248.0,3635.0,0.9999730666830208,-1.5926823490376778,-0.5694186705537944,0.40299523755525435,0.5415474223494241,-1.4292368677742955,1.4789662410294597,-1.0271321339712192,1.5527738812270808,0.0209619695965848
2024-04-08,41959.0,40056.0,186619.0,33234.0,58000.0,65084.0,102879.0,42911.0,161826.0,167977.0,20.0,1043.0548798096472,35.94167099278443,125969.0,0.0,4007784.0,4007784.0,3842.0,-1.3630550984928125,-1.3086921022976146,1.406064817697394,-1.5746444488762328,-1.0322036777700452,-0.8751136643624896,-0.22362865768481147,-1.3328436764384657,1.000733314454609,1.0488123568191365
2024-04-15,156602.0,196615.0,117007.0,73441.0,46737.0,180701.0,189899.0,124061.0,101437.0,65838.0,15.0,1023.6940768443268,35.767534539408416,196110.0,0.0,4341375.0,4341375.0,4240.0,0.9213828073506024,1.6915932772406501,0.1510695944355326,-0.7713575640090199,-1.2489695072284788,1.3561426449351373,1.473447136802387,0.2031907283177142,-0.1434194050025353,-0.9501139703043253
2024-04-22,139101.0,134548.0,102844.0,20846.0,31485.0,81916.0,156727.0,52556.0,118540.0,145200.0,0.0,973.1899991309504,35.48012994148333,233399.0,0.0,3742764.0,3742764.0,3845.0,0.5726484948311673,0.5021457676640593,-0.10426709100746202,-1.822141599365825,-1.5425069689083182,-0.5502781626793664,0.8265223119951087,-1.1502798830450787,0.1806204691612286,0.6030517271586633
2024-04-29,23748.0,131488.0,47532.0,30954.0,58565.0,93972.0,64859.0,148335.0,92982.0,109489.0,20.0,1010.6962792942186,35.083648205225686,127064.0,0.0,3838200.0,3838200.0,3797.0,-1.7259372518149905,0.4435041484573251,-1.1014557336130484,-1.6201960716657284,-1.02132978150404,-0.3176131907038594,-0.9650998333502134,0.6626571379425018,-0.3036110167697471,-0.09583565247013624
2024-05-06,33545.0,154415.0,185421.0,99239.0,176594.0,32984.0,72098.0,21969.0,122747.0,46806.0,0.0,1045.2813994518017,34.58387092714925,71281.0,0.0,3648651.0,3648651.0,3490.0,-1.5307169752734837,0.8828755221673884,1.3844667559053507,-0.2559449479022634,1.2502367713814675,-1.494601521065689,-0.8239238775206016,-1.729240873042334,0.26032787433031906,-1.322582526466161
2024-05-13,147659.0,164572.0,142402.0,66514.0,139614.0,53039.0,166323.0,63753.0,68231.0,196072.0,0.0,1087.963927222268,33.98808598536882,104189.0,0.0,3605689.0,3605689.0,3314.0,0.7431797928450709,1.077523537292486,0.6089016305030923,-0.9097505864050003,0.5385258263958616,-1.1075663507796247,1.0136648002035569,-0.9383393133586345,-0.7725527770122379,1.5986496879123886
2024-05-20,185838.0,49375.0,138012.0,108236.0,85155.0,105431.0,142413.0,155542.0,49301.0,173240.0,5.0,991.7914810200322,33.30498126592637,98511.0,0.0,3883407.0,3883407.0,3915.0,1.503955023842129,-1.1301034587069103,0.5297568130848372,-0.07619584692108317,-0.5095830528083327,-0.09646953494180449,0.5473687504886763,0.7990736500198621,-1.1312076807086684,1.1518126726598124
2024-05-27,93530.0,160734.0,196517.0,117579.0,72487.0,103691.0,20526.0,141863.0,192395.0,90119.0,20.0,1034.3153242452572,32.544517973849246,172115.0,0.0,4277265.0,4277265.0,4135.0,-0.3354236928051495,1.003972382222079,1.584510239748849,0.1104659126062223,-0.7533892791760357,-0.13004925053880037,-1.8296879877630032,0.5401529522668148,1.5799050921142066,-0.47491908736162197
2024-06-03,113557.0,36964.0,156785.0,157541.0,149948.0,78606.0,88760.0,30225.0,38752.0,58714.0,15.0,1045.3792208033728,31.717785376350164,58605.0,0.0,4037787.0,4037787.0,3862.0,0.06364505051390243,-1.3679469671953997,0.8682045710331066,0.908857995901757,0.7374122759762091,-0.6141568170621574,-0.4989793028510348,-1.5729685372978237,-1.3310730044854062,-1.0895352604523347
2024-06-10,81087.0,133429.0,76178.0,181177.0,32342.0,161688.0,67837.0,143008.0,118452.0,75419.0,5.0,967.5038000404096,30.83683909634029,150318.0,0.0,3394141.0,3394141.0,3508.0,-0.5833695845072998,0.4807013324051261,-0.5850132644186669,1.3810764854861937,-1.526013289085369,0.9892167066330209,-0.9070224750879419,0.5618258961170407,0.17895318804525998,-0.7626076001600133
2024-06-17,88840.0,87215.0,69407.0,62101.0,60806.0,122665.0,31536.0,174268.0,164467.0,125432.0,0.0,1071.2831327224592,29.91452531430046,182453.0,0.0,3816317.0,3816317.0,3562.0,-0.4288791482486185,-0.4049404290393221,-0.7070837789378024,-0.9979169510409843,-0.9781998672879032,0.23612403896545223,-1.614969480554269,1.1535256557310662,1.0507706943099853,0.2161791747097789
2024-06-24,138451.0,89042.0,70990.0,84323.0,68770.0,125373.0,48541.0,125823.0,141237.0,112949.0,0.0,957.3926126366622,28.9642934420426,247706.0,0.0,3300182.0,3300182.0,3447.0,0.5596962462089381,-0.36992793286588965,-0.678544770743475,-0.553948459098805,-0.8249260445224796,0.2883848836991676,-1.2833356735529498,0.2365424550112495,0.6106463724469064,-0.028121213403304004
2024-07-01,71005.0,164356.0,149473.0,111922.0,98623.0,44574.0,99083.0,33669.0,76273.0,153533.0,0.0,1032.359420601319,28.000000000000007,69810.0,0.0,3700131.0,3700131.0,3584.0,-0.7842689239062453,1.073384128877893,0.7363806746863455,-0.002554056744732107,-0.2503801591613306,-1.270929737290297,-0.2976587624408837,-1.5077793507299828,-0.6201860186642879,0.7661339296858057
2024-07-08,197648.0,113468.0,78141.0,196659.0,123177.0,154502.0,54531.0,188452.0,111878.0,165363.0,20.0,1012.2127911818826,27.03570655795741,205394.0,0.0,4150495.0,4150495.0,4100.0,1.7392874180398623,0.09817016868433522,-0.5496234519831237,1.6903879872524081,0.22218205130856028,0.850536340954853,-1.1665178844357547,1.4220051627805015,0.054399710131877305,0.9976546852235587
2024-07-15,59353.0,29435.0,174865.0,188048.0,151026.0,163748.0,28712.0,144398.0,24895.0,197876.0,20.0,1002.2230223999264,26.085474685699552,91869.0,0.0,4119517.0,4119517.0,4110.0,-1.0164529253619596,-1.512232179942949,1.194158625457264,1.5183506960943618,0.7581592851350648,1.028972002109924,-1.6700435100145292,0.5881362821011576,-1.5936129411215094,1.6339551353333612
2024-07-22,72733.0,195150.0,76570.0,147534.0,95629.0,161888.0,124101.0,130677.0,139968.0,96971.0,5.0,1095.187558361436,25.16316090365972,82955.0,0.0,3437625.0,3437625.0,3119.0,-0.7498358691074576,1.66351812294723,-0.5779461189908864,0.7089303251761072,-0.3080021864541079,0.9930764440579629,0.19024565294041634,0.32842059426801473,0.5866034208995864,-0.34082101323273917
2024-07-29,85318.0,98832.0,188964.0,87584.0,140993.0,52733.0,85455.0,68320.0,135700.0,113471.0,15.0,987.949790586928,24.28221462364985,111388.0,0.0,3963973.0,3963973.0,4012.0,-0.49906040924475875,-0.18231307926003107,1.4483414912385804,-0.4887976512406713,0.5650658316185536,-1.113471749039786,-0.5634338592838111,-0.8518936063158561,0.5057402867751085,-0.017905335601891743
2024-08-05,174736.0,71293.0,21015.0,124537.0,146944.0,22050.0,94744.0,198486.0,96559.0,84946.0,5.0,987.3061762908555,23.455482026150765,60207.0,0.0,3293531.0,3293531.0,3335.0,1.2827306173744546,-0.710068488192793,-1.579515670624408,0.24947827724188443,0.6795977903424406,-1.7056133660872712,-0.38227852654430766,1.6119320785823932,-0.2358398286808865,-0.5761580449606749
2024-08-12,87172.0,98781.0,81813.0,98477.0,125947.0,129996.0,149749.0,166649.0,30699.0,118989.0,10.0,1053.259152295912,22.69501873407364,248700.0,0.0,3348315.0,3348315.0,3179.0,-0.46211661086689276,-0.18329043958014332,-0.4834230488943236,-0.271168779729279,0.2754930117631338,0.37760271427670317,0.6904364134208538,1.0093106695346727,-1.4836481729728521,0.09008549525671529
2024-08-19,113264.0,180196.0,47712.0,62533.0,46399.0,53933.0,25109.0,145354.0,29715.0,104080.0,0.0,1030.4721511234711,22.011914014631188,209292.0,0.0,3300516.0,3300516.0,3202.0,0.057806575365728356,1.3769407459480463,-1.0982106158145777,-0.9892861172492905,-1.2554745991539829,-1.0903133244901337,-1.7403097027005483,0.6062317705909531,-1.502291407269592,-0.20169328279166676
2024-08-26,46736.0,63919.0,120497.0,21828.0,148177.0,44951.0,69268.0,108009.0,39169.0,97794.0,0.0,1051.2839568383422,21.41612907285076,72031.0,0.0,3139896.0,3139896.0,2986.0,-1.2678660343875992,-0.8513832921243151,0.2139888228614347,-1.8025224355152616,0.7033279037866604,-1.2636541322442814,-0.8791149197913298,-0.1006469089607356,-1.323172365560873,-0.32471437064545505
2024-09-02,132859.0,186319.0,159487.0,21917.0,129575.0,52413.0,74615.0,48625.0,138413.0,50841.0,0.0,1004.6747752936444,20.91635179477432,130807.0,0.0,3536871.0,3536871.0,3520.0,0.4482670549850834,1.4942814761450505,0.9169173948745929,-1.8007443239239174,0.34531689787475567,-1.1196473289196933,-0.774837003529286,-1.2246871688749807,0.5571418057253682,-1.2436149653000719
2024-09-09,132181.0,141172.0,132816.0,40618.0,130904.0,185873.0,102503.0,44089.0,167235.0,144447.0,5.0,1012.6777046804864,20.51987005851668,121312.0,0.0,3575960.0,3575960.0,3531.0,0.43475686334528124,0.6290876257115778,0.43608107930231943,-1.4271211231404282,0.37089461139249147,1.4559554547441387,-0.2309614604741379,-1.3105460975253076,1.1032142639577254,0.5883150298704191
2024-09-16,151926.0,114758.0,148778.0,52254.0,50678.0,183985.0,180831.0,56487.0,139264.0,140029.0,5.0,1076.037424519783,20.232465460591587,109766.0,0.0,3760716.0,3760716.0,3494.0,0.8282063234159199,0.12289163560482118,0.7238509142978062,-1.1946480166585993,-1.1731216750438311,1.4195195334526858,1.2966017759151207,-1.0758725972151768,0.5732651719718375,0.5018519108538686
2024-09-23,110084.0,76573.0,82292.0,125292.0,96218.0,132573.0,105708.0,130448.0,25782.0,199830.0,0.0,966.561836816772,20.05832900721557,193521.0,0.0,3500310.0,3500310.0,3621.0,-0.005559810201485165,-0.6088829491694085,-0.474787429863949,0.2645622575954235,-0.29666639016972385,0.42733543099708154,-0.1684571175491612,0.32408600549796956,-1.5768075053275985,1.6721961798237053
2024-09-30,189695.0,79101.0,43833.0,67362.0,83230.0,191672.0,122471.0,70138.0,144481.0,96272.0,5.0,995.8849182363336,20.0,139833.0,0.0,3541719.0,3541719.0,3556.0,1.5808116745128027,-0.5604365395763943,-1.168142904371619,-0.8928085793324161,-0.5466312834491465,1.5678685413803335,0.15845717276328314,-0.81748189284886,0.6721084172219314,-0.3545008955760096
2024-10-07,27392.0,46646.0,155230.0,40128.0,94055.0,186472.0,177661.0,193895.0,55585.0,57643.0,20.0,1031.930162857018,20.05832900721557,237771.0,0.0,3937356.0,3937356.0,3815.0,-1.6533249533851395,-1.1824018177968376,0.8401703589407634,-1.4369107262837846,-0.3382951293261291,1.46751536833184,1.2347800077178739,1.5250320914938458,-1.012148651927455,-1.1104954235276463
2024-10-14,75680.0,124185.0,40309.0,143781.0,182552.0,155566.0,181087.0,188280.0,50682.0,63950.0,20.0,992.1655671964864,20.232465460591584,161041.0,0.0,4358802.0,4358802.0,4393.0,-0.6911123665079046,0.3035499834028221,-1.2316750994927879,0.6339499566107666,1.3649034509440483,0.8710701440555446,1.3015943224950877,1.4187494891191574,-1.1050427350137517,-0.987063352084146
2024-10-21,197789.0,43049.0,26970.0,85545.0,92258.0,142744.0,180081.0,74061.0,198936.0,120500.0,5.0,977.1941648286786,20.519870058516677,166185.0,0.0,4005984.0,4005984.0,4099.0,1.7420970596640688,-1.2513344662565182,-1.4721563567916727,-0.5295343875861894,-0.3728798932022549,0.6236223777425096,1.2819751746066237,-0.7432260337008809,1.703833339609101,0.11965674306884926
2024-10-28,70859.0,118116.0,92474.0,102180.0,59986.0,109431.0,103309.0,181731.0,149992.0,179116.0,0.0,1024.739380511461,20.916351794774314,227164.0,0.0,3472544.0,3472544.0,3388.0,-0.7871781982121614,0.18724410530946603,-0.29122193306379573,-0.19718735026019926,-0.9939814512491849,-0.019274786442963435,-0.21524273960127324,1.294787821629962,0.7765218971094658,1.2668097951906523
2024-11-04,145657.0,117379.0,66540.0,107958.0,175232.0,63001.0,146446.0,121376.0,104416.0,145588.0,5.0,1053.4322266596598,21.416129072850747,244743.0,0.0,3821057.0,3821057.0,3627.0,0.703286867088605,0.17312029048745195,-0.7587712940945536,-0.08174994829629358,1.2240239453384605,-0.9153128296432611,0.6260208612582335,0.15236814819731564,-0.08697814995173411,0.6106451382447704
2024-11-11,177381.0,88385.0,171456.0,160937.0,105595.0,87364.0,126661.0,182962.0,147810.0,35997.0,5.0,994.3666254877658,22.011914014631177,60350.0,0.0,3992089.0,3992089.0,4014.0,1.3354363059987564,-0.38251863346027665,1.1326997000406738,0.976705939319795,-0.11619820382223803,-0.4451389152239449,0.2401711187400857,1.3180886023108598,0.7351809039839713,-1.5341216512850597
2024-11-18,90467.0,146131.0,38017.0,153291.0,121358.0,144988.0,177215.0,99134.0,58067.0,99751.0,5.0,993.25641516757,22.69501873407363,150859.0,0.0,3964534.0,3964534.0,3991.0,-0.3964586736203618,0.7241215438966088,-1.2729962661266467,0.8239481727195833,0.1871738790822537,0.6669286316503594,1.2260820554730876,-0.2686358842190362,-0.965123745906613,-0.28641461421372366
2024-11-25,118506.0,191230.0,95880.0,59809.0,84929.0,65028.0,26154.0,67055.0,193757.0,118605.0,10.0,974.0924789726628,23.455482026150754,118487.0,0.0,3892967.0,3892967.0,3996.0,0.1622614788699212,1.5883955257935052,-0.22981709294384658,-1.0437083192135825,-0.5139326113147348,-0.8761943908414733,-1.7199299715440426,-0.8758379503949265,1.6057100566590845,0.08257036675912466
2024-12-02,129751.0,43289.0,125570.0,136748.0,93506.0,188645.0,172876.0,39508.0,38073.0,174983.0,20.0,988.1609262637706,24.28221462364984,198694.0,0.0,4295837.0,4295837.0,4347.0,0.38633538003448603,-1.246735123573637,0.3054470594816643,0.4934391833307132,-0.34886109224654815,1.5094514154538354,1.1414622913696637,-1.3972568012614512,-1.3439375940052094,1.1859243106059074
2024-12-09,138906.0,130226.0,28702.0,25287.0,54911.0,151878.0,192760.0,193359.0,56035.0,75533.0,15.0,1043.3442431932074,25.16316090365971,173853.0,0.0,4145202.0,4145202.0,3972.0,0.5687628202444985,0.41931927151650866,-1.4409311121975,-1.733415828835935,-1.0916540593022392,0.7998965859396132,1.529242745260533,1.5148865038050063,-1.0036227825844337,-0.760376546387291
2024-12-16,163760.0,120793.0,151456.0,185459.0,107127.0,144343.0,84288.0,178056.0,110373.0,102566.0,15.0,1003.2425148277464,26.085474685699538,103117.0,0.0,4387832.0,4387832.0,4373.0,1.0640169544858586,0.23854594015143574,0.7721310557661633,1.4666256296899742,-0.08671358598238005,0.6544809784549214,-0.5861928509198322,1.225226189621595,0.025885413773550425,-0.23132324254518816
2024-12-23,45342.0,29823.0,20404.0,28512.0,182893.0,148301.0,71195.0,130169.0,103362.0,165643.0,10.0,967.8003735627884,27.0357065579574,239466.0,0.0,3839103.0,3839103.0,3966.0,-1.2956436260481952,-1.5047965759389579,-1.5905310427069943,-1.668984257127109,1.3714662803718496,0.7308651820945246,-0.8415343054960318,0.3188049999659058,-0.10694763059072185,1.0031344664197186
2024-12-30,188229.0,61975.0,192015.0,152414.0,133453.0,146295.0,40581.0,28125.0,110517.0,128255.0,5.0,1010.4944952129464,27.999999999999996,151084.0,0.0,4385471.0,4385471.0,4339.0,1.5515993722355905,-0.8886379678556521,1.5033462379226568,0.8064267809711677,0.4199522425111586,0.6921520157223557,-1.4385726687737965,-1.6127180413026048,0.02861369196331725,0.27142711155534754
2025-01-06,126308.0,29540.0,198998.0,128872.0,104458.0,180829.0,50087.0,56059.0,85450.0,78005.0,10.0,1042.0477604394416,28.964293442042585,73782.0,0.0,4167763.0,4167763.0,3999.0,0.31772831540935514,-1.5102199675191885,1.6292387800711021,0.33608629688770153,-0.13808071719294202,1.3586128768871002,-1.253185372722368,-1.083973924698056,-0.4463151231956063,-0.7119979066840514
2025-01-13,126081.0,36364.0,180261.0,170288.0,32175.0,54636.0,184053.0,123409.0,30382.0,63541.0,10.0,977.5245734581029,29.914525314300445,78454.0,0.0,3718339.0,3718339.0,3803.0,0.31320499165974586,-1.3794453239026023,1.291440045682527,1.1635275291025022,-1.5292273433799226,-1.0767463474414625,1.3594376551364233,0.19084945374099171,-1.4896541742656029,-0.9950677467599651
2025-01-20,109045.0,155683.0,32763.0,113070.0,139235.0,199352.0,89298.0,168159.0,155509.0,43387.0,0.0,946.8557912161776,30.83683909634028,117904.0,0.0,3843246.0,3843246.0,4058.0,-0.02626348146070996,0.907175382675277,-1.3677176489775607,0.02038158490541738,0.5312316552722935,1.7160824584981083,-0.488487154179073,1.0378924557476343,0.8810490552549073,-1.3894945690006983
2025-01-27,54698.0,47663.0,169456.0,99767.0,74771.0,44262.0,66167.0,25704.0,81929.0,113980.0,20.0,1087.63300639491,31.717785376350125,179936.0,0.0,4101068.0,4101068.0,3770.0,-1.1092109520334625,-1.1629121031781289,1.0966428356132227,-0.24539615104574866,-0.7094317940936364,-1.2769509276732067,-0.9395910406681949,-1.658543540919545,-0.5130253142106688,-0.007943876213158327
2025-02-03,130078.0,71991.0,118142.0,117829.0,147157.0,100435.0,194480.0,131279.0,118864.0,199980.0,15.0,944.8588259982702,32.54451797384923,196664.0,0.0,4099983.0,4099983.0,4339.0,0.39285135741828436,-0.6966920665567471,0.17153186499811107,0.11546060808752662,0.683697153005554,-0.19288577581685698,1.562786417594686,0.3398154520827186,0.18675909508820396,1.6751317768930767
2025-02-10,100623.0,124182.0,160932.0,177686.0,141300.0,148583.0,59499.0,178280.0,163401.0,105457.0,5.0,985.6390974457686,33.30498126592634,203245.0,0.0,3879939.0,3879939.0,3936.0,-0.19408477053211634,0.30349249161928604,0.9429684794234263,1.3113305577852599,0.5709743026869847,0.7363074118636929,-1.0696312773682712,1.2294661367154385,1.0305738571551835,-0.17474450169483788
2025-02-17,42671.0,182049.0,100642.0,187330.0,106925.0,189269.0,145816.0,138516.0,45169.0,164129.0,15.0,1009.2851404743468,33.98808598536881,214276.0,0.0,4028821.0,4028821.0,3991.0,-1.348867404617386,1.4124515042454575,-0.14396569874208562,1.504005930672056,-0.0906012444704031,1.5214937962196546,0.6137345161590961,0.47679981421729006,-1.209494107653922,0.9735045066661973
2025-02-24,176256.0,114704.0,70612.0,62078.0,86358.0,61844.0,189631.0,190954.0,107468.0,84028.0,15.0,989.1028919502284,34.583870927149256,216668.0,0.0,4186967.0,4186967.0,4233.0,1.313018952614129,0.12185678350117292,-0.6853595181202632,-0.9983764630252644,-0.48643031438708656,-0.9376414106465508,1.468220564601484,1.469363857551912,-0.029153809429731694,-0.5941238990252276
2025-03-03,113384.0,69115.0,43574.0,126288.0,168399.0,84754.0,116347.0,176995.0,54594.0,139246.0,20.0,997.0035662137992,35.08364820522568,215396.0,0.0,4258015.0,4258015.0,4270.0,0.060197759726755284,-0.751807523039939,-1.172812268314974,0.28446112439293997,1.0925171609391462,-0.49550848861943864,0.03902609754563657,1.2051432259315604,-1.0309245108584197,0.4865280941517502
2025-03-10,193179.0,111007.0,43524.0,103524.0,67057.0,185229.0,68787.0,134044.0,65033.0,75731.0,15.0,1023.0735267149836,35.48012994148332,172258.0,0.0,4382003.0,4382003.0,4283.0,1.650235727127951,0.05100774225695851,-1.1737136899256602,-0.1703358673527072,-0.8578941583342791,1.4435271002358252,-0.8884954467638458,0.39215229902234694,-0.8331432884766428,-0.7565015582557209
2025-03-17,106202.0,169143.0,30916.0,32219.0,26150.0,97129.0,55488.0,49165.0,83133.0,175930.0,15.0,904.3311336914884,35.767534539408416,161668.0,0.0,3831856.0,3831856.0,4237.0,-0.0829146242807062,1.1651218514735258,-1.4010161632763116,-1.5949229125303284,-1.6451834938271448,-0.25668723545114913,-1.1478543411661126,-1.2144658678451798,-0.4902138771240072,1.2044577134372052
2025-03-24,71663.0,31938.0,24809.0,20235.0,24425.0,60042.0,94441.0,87203.0,93861.0,199761.0,10.0,949.324221139046,35.94167099278443,242274.0,0.0,3258096.0,3258096.0,3432.0,-0.771157262993281,-1.4642648685460682,-1.5111157988055335,-1.8343486351221328,-1.6783825576481337,-0.9724176448452787,-0.3881876734729404,-0.4944698519719134,-0.2869571519863788,1.6708458051717945
2025-03-31,35708.0,186267.0,183273.0,62929.0,36032.0,81665.0,42431.0,24114.0,51750.0,64638.0,20.0,1001.7703754428132,36.0,174184.0,0.0,4286570.0,4286570.0,4278.0,-1.4876158771659735,1.493284951897093,1.3457416835102682,-0.9813745196069045,-1.4549961612596014,-0.5551221331476687,-1.4024937188795044,-1.6886395939517365,-1.0848080051063145,-0.973598746859296
2025-04-07,111906.0,111680.0,164528.0,147309.0,22198.0,136953.0,81681.0,56321.0,60461.0,197558.0,0.0,983.8313195210555,35.94167099278443,211822.0,0.0,3793027.0,3793027.0,3855.0,0.03074633901344032,0.06390506569687095,1.0077987216639832,0.7044350992429333,-1.7212430301868828,0.5118636806033124,-0.6370349170681674,-1.0790147008650786,-0.9197661210017395,1.627731669546294
2025-04-14,69811.0,24000.0,141288.0,87444.0,171151.0,178448.0,142720.0,93297.0,98222.0,40567.0,5.0,1005.176450331024,35.767534539408416,66566.0,0.0,4165790.0,4165790.0,4144.0,-0.8080612082984632,-1.6163881277823609,0.5888179570170021,-0.49159468071020174,1.1454816963799355,1.312662702843165,0.553355905957621,-0.379120577017087,-0.20433200486434322,-1.4446837939048796
2025-04-21,153883.0,121042.0,58765.0,159639.0,187292.0,165271.0,69153.0,116652.0,132020.0,180811.0,15.0,1009.106131305252,35.48012994148333,188262.0,0.0,4523325.0,4523325.0,4482.0,0.8672025550370007,0.24331775818492488,-0.8989423545562695,0.950773480380863,1.456128704573896,1.0583639026008578,-0.8813576653252994,0.06295069252179877,0.4360176219255119,1.2999820420745485
2025-04-28,76250.0,113610.0,185888.0,121834.0,192946.0,138533.0,26368.0,119304.0,44226.0,77804.0,5.0,915.3632001811604,35.083648205225686,88333.0,0.0,4422288.0,4422288.0,4658.0,-0.6797542407930267,0.10089144643837321,1.3928860337491606,0.195475629698022,1.5649446505703433,0.5423556062603547,-1.7157565146373515,0.11314863757926506,-1.2273605405216312,-0.715931606757009
2025-05-05,132547.0,123691.0,65106.0,104555.0,164931.0,93781.0,178496.0,176498.0,26721.0,128821.0,0.0,1050.945613286066,34.58387092714927,171929.0,0.0,3696083.0,3696083.0,3516.0,0.44204997564641335,0.2940830030472251,-0.7846240658890359,-0.14973774318780814,1.025772608283384,-0.32129923994467907,1.2510642905080003,1.1957358433170957,-1.5590168579651607,0.28250409783044206
2025-05-12,144249.0,58304.0,73932.0,93698.0,182491.0,86262.0,132360.0,37772.0,40609.0,23754.0,5.0,980.069284675986,33.988085985368826,139571.0,0.0,3962886.0,3962886.0,4043.0,0.6752303039192223,-0.9589887469758877,-0.6255051231706944,-0.3666473785498926,1.3637294550640016,-0.4664060684353756,0.351313786549584,-1.430116391238737,-1.2958895836632047,-1.7737250840871486
2025-05-19,54754.0,89449.0,168172.0,144450.0,138865.0,66600.0,196076.0,123754.0,150513.0,47044.0,0.0,965.3794726089598,33.30498126592635,170263.0,0.0,3863291.0,3863291.0,4001.0,-1.1080950659983166,-0.3621282142328371,1.0734943286507992,0.647315761718737,0.5241106966556177,-0.8458568546814288,1.5939118251791673,0.19737972939892004,0.7863929591710528,-1.317924712449425
2025-05-26,162483.0,102986.0,77091.0,156487.0,159777.0,96898.0,132755.0,23712.0,124211.0,87260.0,10.0,1008.3342118383712,32.544517973849246,182661.0,0.0,3956953.0,3956953.0,3924.0,1.0385707675772637,-0.10270612299049721,-0.5685533058075355,0.8878003597525779,0.9265795793364989,-0.2611452321769572,0.3590171299053924,-1.6962487847183658,0.2880653692596151,-0.5308715675038397
2025-06-02,153983.0,171836.0,41949.0,187231.0,193952.0,169369.0,76985.0,152439.0,199967.0,86912.0,15.0,1004.2864091112896,31.71778537635014,75235.0,0.0,4188267.0,4188267.0,4170.0,0.8691952086711898,1.2167303091610209,-1.202108470662278,1.5020280312614593,1.5843059596740618,1.1374499224379204,-0.7286169433944358,0.740339025768988,1.7233670535927788,-0.5376821527047813
2025-06-09,159752.0,128940.0,57744.0,63925.0,43236.0,50448.0,70069.0,135142.0,156728.0,28706.0,0.0,1047.8676327061855,30.83683909634029,50159.0,0.0,3493183.0,3493183.0,3333.0,0.9841513968275593,0.39467446030740405,-0.9173493838464832,-0.961475652809388,-1.316349172409512,-1.1575692491197491,-0.8634937095938551,0.41293561111627525,0.9041446879863362,-1.676811239503636
2025-06-16,104896.0,58494.0,196615.0,157023.0,107955.0,46172.0,72326.0,111736.0,144865.0,28894.0,5.0,1010.8749265108008,29.914525314300462,193217.0,0.0,3827779.0,3827779.0,3786.0,-0.1089386807432159,-0.9553476006852735,1.5862770261057944,0.8985089868644944,-0.07077803534830537,-1.2400904352650102,-0.8194773907228186,-0.030101003519869506,0.6793838257279762,-1.6731319578433572
2025-06-23,91295.0,23373.0,128319.0,107388.0,123145.0,193946.0,128737.0,71924.0,94520.0,169109.0,15.0,1046.324433920972,28.964293442042603,212993.0,0.0,4100593.0,4100593.0,3919.0,-0.379959501529276,-1.6284039105413877,0.3550072196371957,-0.09313785399366745,0.2215661846173883,1.6117537559019246,0.2806575511620051,-0.7836758861095557,-0.274471489992932,1.0709663293693257
2025-06-30,120689.0,163233.0,112193.0,28007.0,166430.0,27657.0,174470.0,23726.0,84309.0,103986.0,10.0,962.4729049828918,28.000000000000007,154859.0,0.0,3777854.0,3777854.0,3925.0,0.20576110770426936,1.0518630379075784,0.06428072175865791,-1.6790735419993439,1.054622113597971,-1.5974056273790207,1.1725486946839891,-1.6959837880250008,-0.46793293857424484,-0.20353292362180614
2025-07-07,31111.0,117532.0,56187.0,192904.0,114914.0,176497.0,70861.0,109152.0,49984.0,101942.0,15.0,1005.6744422083,27.03570655795741,197309.0,0.0,3680939.0,3680939.0,3660.0,-1.5792181647296466,0.17605237144778865,-0.9454196528032539,1.6153676611232173,0.06315372414749859,1.2750109642628553,-0.8480480186120825,-0.0790118217809905,-1.118267305683594,-0.24353532635377292
2025-07-14,57504.0,112658.0,158311.0,78596.0,122870.0,177757.0,95897.0,47723.0,138947.0,49725.0,0.0,955.4100917070044,26.085474685699555,157507.0,0.0,3759938.0,3759938.0,3935.0,-1.0532970910581163,0.08264738712961148,0.8957159585912517,-0.6683669431845246,0.21627358024012922,1.2993273100399902,-0.35979256479937843,-1.2417605272617962,0.5672591706790868,-1.2654558074961946
2025-07-21,152874.0,143633.0,144454.0,141101.0,136243.0,132855.0,147118.0,146969.0,25901.0,156998.0,10.0,1003.9070342224112,25.163160903659723,189316.0,0.0,4170894.0,4170894.0,4154.0,0.8470966798680326,0.6762500521389546,0.6458959734056571,0.5804068210511841,0.4736481196477145,0.43277766076624985,0.6391262960306467,0.6368010320041537,-1.5745528865457774,0.8339462219882837
2025-07-28,28155.0,120386.0,34489.0,181595.0,34596.0,175650.0,88577.0,120494.0,182624.0,124555.0,5.0,995.4284817759244,24.282214623649875,64743.0,0.0,3558648.0,3558648.0,3574.0,-1.6381210061562765,0.23074622151838317,-1.3366005749766703,1.3894276163309345,-1.4826331790259435,1.2586649762682256,-0.502548193570308,0.13567335651530762,1.394780049112737,0.19901571717752115
2025-08-04,59384.0,47350.0,81877.0,108861.0,184644.0,179903.0,29078.0,160180.0,51055.0,29496.0,10.0,993.708102991964,23.45548202615077,96101.0,0.0,3756739.0,3756739.0,3780.0,-1.0158352027353612,-1.1689104125937195,-0.48226922923264515,-0.06370910821782233,1.4051657358794156,1.3407422926096184,-1.6629057285759827,0.886863268864707,-1.097975736647203,-1.6613504282716136
2025-08-11,132561.0,113008.0,194197.0,106740.0,152351.0,27906.0,176075.0,55643.0,188757.0,76447.0,10.0,994.0588979055346,22.695018734073663,171534.0,0.0,3981504.0,3981504.0,4005.0,0.4423289471551998,0.08935476187547975,1.542684277013006,-0.10608410468120828,0.7836600153164041,-1.5926002542849678,1.2038496214841723,-1.0918481121580508,1.5109781750699587,-0.742488974911255
2025-08-18,67254.0,114297.0,69922.0,35524.0,131496.0,81413.0,82768.0,182396.0,165788.0,121604.0,20.0,1029.455578807384,22.011914014631188,134227.0,0.0,3842506.0,3842506.0,3732.0,-0.8590133617246786,0.11405706486812038,-0.6977991363477338,-1.5288930382674852,0.38228814517917287,-0.5599854023030957,-0.6158360962383859,1.3073751645648093,1.0757988574258321,0.1412627374994223
2025-08-25,41918.0,45351.0,114074.0,170354.0,150273.0,74028.0,71047.0,123896.0,134099.0,180878.0,10.0,935.7056137198967,21.41612907285074,237450.0,0.0,3490196.0,3490196.0,3730.0,-1.3638720864828302,-1.20721910435655,0.09819220275267564,1.1648461287095666,0.7436671720584244,-0.7025062067190809,-0.8444206214875752,0.20006755300305284,0.4754071382902704,1.301293275432201
2025-09-01,105981.0,108668.0,183121.0,175002.0,158155.0,27287.0,91626.0,159999.0,31138.0,108199.0,10.0,964.0084854886333,20.91635179477432,121126.0,0.0,3873954.0,3873954.0,4018.0,-0.08731838881226411,0.006183315026713037,1.343001361813782,1.2577075070979766,0.8953628364277199,-1.6045461416151634,-0.4430861837174987,0.8834372401861996,-1.475330713769327,-0.12108178726672977
2025-09-08,50306.0,134585.0,57131.0,151149.0,140674.0,53660.0,77660.0,113680.0,186370.0,61321.0,15.0,998.377126930193,20.51987005851668,106071.0,0.0,3505636.0,3505636.0,3511.0,-1.196728299647048,0.5028548329943368,-0.928400812793497,0.7811536218357679,0.5589264105409331,-1.0955818660751797,-0.7154530022167886,0.006695680187413474,1.46575317479931,-1.038514583386661
2025-09-15,167718.0,166377.0,194016.0,145501.0,140307.0,80504.0,152997.0,116546.0,43429.0,173728.0,5.0,952.85347642115,20.232465460591587,124763.0,0.0,3803725.0,3803725.0,3991.0,1.1428861853270633,1.112114427053321,1.5394211307823216,0.6683134615221404,0.5518631894265545,-0.5775279088994573,0.7537793481541842,0.06094428898631935,-1.2424608024469377,1.1613631484588338
2025-09-22,66843.0,95353.0,135765.0,40611.0,168843.0,122979.0,137832.0,173515.0,70200.0,75147.0,15.0,1001.8445642480416,20.05832900721557,193309.0,0.0,3687690.0,3687690.0,3680.0,-0.8672031681611958,-0.24898438423396183,0.48924692590059604,-1.4272609746139047,1.101062311279157,0.24218382672261124,0.4580294696963773,1.1392726192950664,-0.7352473620424401,-0.7679308161791399
2025-09-29,140975.0,85953.0,93963.0,168056.0,181047.0,54701.0,150406.0,99973.0,199316.0,111396.0,15.0,997.965899150357,20.0,196721.0,0.0,3796129.0,3796129.0,3803.0,0.6099908239358711,-0.4291253059801386,-0.2643775974975584,1.118934887845417,1.3359384706248665,-1.0754919327783563,0.7032493161670971,-0.2527550109523642,1.7110329626098746,-0.05851442839486194
2025-10-06,116601.0,77458.0,126884.0,34060.0,196720.0,103300.0,145150.0,83449.0,121268.0,58787.0,0.0,943.8497341978966,20.05832900721557,218785.0,0.0,3948987.0,3948987.0,4183.0,0.12430142713861878,-0.5919228730262845,0.3291364194104996,-1.5581419750060033,1.637578428460437,-0.13759503720456207,0.6007460941971509,-0.5655268224642696,0.23230618375625567,-1.0881066032119076
2025-10-13,127512.0,40358.0,145917.0,63303.0,199357.0,168746.0,177087.0,129834.0,37347.0,41727.0,15.0,941.8733941498288,20.232465460591584,226481.0,0.0,4637733.0,4637733.0,4658.0,0.341719865164992,-1.3029045960883225,0.6722715697343375,-0.9739024551668731,1.6883296929798273,1.125426840359226,1.2235857821831042,0.3124640076603812,-1.3576926632119504,-1.4219818432350746
2025-10-20,167443.0,23267.0,44285.0,180359.0,39063.0,103560.0,53320.0,45537.0,167992.0,115081.0,20.0,902.9458700086861,20.519870058516677,229838.0,0.0,4157454.0,4157454.0,4644.0,1.1374063878330432,-1.6304352868929934,-1.159994053011015,1.364733841871366,-1.3966620381051564,-0.13257737855213741,-1.1901349700152075,-1.2831378680972492,1.1175566708303188,0.013603406276027309
2025-10-27,131472.0,102745.0,57626.0,59711.0,87642.0,174946.0,84881.0,97576.0,51822.0,142721.0,20.0,951.1731980127234,20.916351794774314,96154.0,0.0,4233951.0,4233951.0,4451.0,0.4206289490788805,-0.10732462960122366,-0.9194767388477029,-1.0456662398422538,-0.46171866340381135,1.2450787005324295,-0.5746280848185806,-0.29812623052353565,-1.0834438660114312,0.5545360929255195
2025-11-03,153121.0,109588.0,193880.0,163026.0,110093.0,63642.0,110827.0,127522.0,197731.0,88056.0,0.0,1000.572930328424,21.41612907285073,57016.0,0.0,4226217.0,4226217.0,4223.0,0.8520185343444797,0.023814128644423956,1.5369692640012549,1.018441614761574,-0.029630442044378244,-0.9029423711963218,-0.0686256880849005,0.2687016965846414,1.6810029561461217,-0.5152933323890424
2025-11-10,182688.0,58513.0,39198.0,93340.0,188671.0,85160.0,122215.0,42612.0,60108.0,154153.0,5.0,1006.247512917635,22.011914014631177,229760.0,0.0,3984070.0,3984070.0,3959.0,1.4411864343651721,-0.954983486056212,-1.2517046876822369,-0.37379978247912043,1.482668709796588,-0.48767322164680627,0.1534646261833162,-1.338503248675337,-0.9264541918419318,0.778267730905874
2025-11-17,123727.0,177164.0,170830.0,122974.0,179601.0,37602.0,177361.0,26471.0,148955.0,185268.0,5.0,1008.075982385138,22.69501873407365,139678.0,0.0,3916498.0,3916498.0,3885.0,0.26629792511093436,1.3188357167209814,1.1214139014748816,0.21825144109276975,1.3081089945175333,-1.4054801839237772,1.228929367194475,-1.6440255077901798,0.7568745048678811,1.3872084163291356
2025-11-24,132893.0,31338.0,35254.0,169646.0,55954.0,123320.0,154461.0,186703.0,27967.0,187807.0,15.0,968.8832474933048,23.45548202615075,162056.0,0.0,4153344.0,4153344.0,4286.0,0.4489445572207077,-1.4757632252532709,-1.3228088243331704,1.1507011511065126,-1.071580654336853,0.24876467903213745,0.7823304739083702,1.388899504445091,-1.5354096730731506,1.4368982893900277
2025-12-01,40932.0,151484.0,64238.0,160256.0,47856.0,108801.0,176755.0,51348.0,130719.0,100102.0,15.0,999.2678606391404,24.282214623649857,104238.0,0.0,3967353.0,3967353.0,3970.0,-1.3835196513159347,0.8267060496527029,-0.8002727450505497,0.963100388828722,-1.2274334188715592,-0.0314329593315309,1.2171110733372095,-1.173145312015448,0.41136838633602135,-0.2795453170713947
2025-12-08,137796.0,27543.0,21252.0,170168.0,22573.0,45931.0,164701.0,21177.0,31871.0,176570.0,15.0,1015.889784369658,25.163160903659705,108608.0,0.0,4312699.0,4312699.0,4245.0,0.5466443649049995,-1.5484903314263285,-1.5752429321897552,1.1611300752714762,-1.7140258423997115,-1.2447414188620654,0.9820323371070476,-1.7442321145527087,-1.461443019928361,1.216982927599856
2025-12-15,49855.0,125891.0,59764.0,87728.0,55367.0,114377.0,81550.0,155832.0,184685.0,96865.0,5.0,949.278578019954,26.085474685699538,139081.0,0.0,3879364.0,3879364.0,4086.0,-1.2057151675372408,0.3362436443069686,-0.8809319507747577,-0.48592070664344,-1.0828779589530386,0.07617652007585354,-0.6395896967633848,0.8045628672395699,1.4338285307037746,-0.3428955018284282
2025-12-22,194088.0,184568.0,97709.0,185088.0,119608.0,49192.0,44826.0,52779.0,48179.0,182728.0,10.0,1004.9331629756216,27.0357065579574,212969.0,0.0,4290300.0,4290300.0,4269.0,1.66834894866273,1.4607254384878636,-0.1968430904249426,1.4592135015957186,0.1534936694087867,-1.181808400148385,-1.3557861053677043,-1.1460588642864757,-1.1524655149372682,1.3374989726211142
